Code	Product label	Exported value in 2009	Exported value in 2010	Exported value in 2011	Exported value in 2012	Exported value in 2013	Exported value in 2014	Exported value in 2015	Exported value in 2016	Exported value in 2017	Exported value in 2018	Exported value in 2019	Exported value in 2020	Exporter
TOTAL	All products	55672119	68174447	82981091	79982380	75962981	68404347	56752410	57733363	58133543	61781529	65115327	54821594	Argentina
10	Cereals	3214985	4621948	8153324	9529615	8312033	5237136	4845328	6975113	6963524	7556258	9407270	8897214	Argentina
23	Residues and waste from the food industries; prepared animal fodder	8621025	8783133	10442924	10971356	12028412	12844769	10650409	10784504	9820786	9972573	9511612	8456294	Argentina
99	Commodities not elsewhere specified	897014	1250275	1816543	2102021	2119715	1867075	956448	678166	854306	4928453	4722766	6099770	Argentina
15	Animal or vegetable fats and oils and their cleavage products; prepared edible fats; animal ...	4479045	5192346	6836706	5929357	5181936	4316285	4702491	4967889	4850172	3973148	4681290	4751228	Argentina
12	Oil seeds and oleaginous fruits; miscellaneous grains, seeds and fruit; industrial or medicinal ...	1980612	5338367	5795701	3796188	4615926	4211232	4746196	3836435	3145716	1779588	4096386	3416486	Argentina
02	Meat and edible meat offal	2065736	1693981	1904625	1801809	1891045	1836550	1368681	1461449	1831351	2581086	3819917	3303501	Argentina
87	Vehicles other than railway or tramway rolling stock, and parts and accessories thereof	5376383	7972844	9974371	9558063	10086140	8335256	5981954	5006104	5764769	6693311	5805452	3284098	Argentina
27	Mineral fuels, mineral oils and products of their distillation; bituminous substances; mineral ...	5659550	5388135	4956045	4981942	3557637	3201008	1428784	1420098	1608367	3109319	2956638	2106301	Argentina
71	Natural or cultured pearls, precious or semi-precious stones, precious metals, metals clad ...	1209361	2258094	2734042	2567046	2053830	2067792	2529538	2244339	2510905	2483512	2555308	1977398	Argentina
03	Fish and crustaceans, molluscs and other aquatic invertebrates	1086073	1306600	1437817	1305835	1481776	1556169	1434178	1672680	1947432	2071833	1795239	1627063	Argentina
04	Dairy produce; birds' eggs; natural honey; edible products of animal origin, not elsewhere ...	810214	1060939	1716670	1532132	1679491	1531461	1048713	819124	772687	1031502	911229	1116724	Argentina
22	Beverages, spirits and vinegar	744694	850713	964066	1033416	986942	938604	928372	925497	912670	935751	890041	853321	Argentina
38	Miscellaneous chemical products	1523494	1932610	2856510	2542550	1930607	2202731	1344871	1893909	1890530	1637427	1307927	850764	Argentina
08	Edible fruit and nuts; peel of citrus fruit or melons	1079745	1203254	1339587	1169782	1248330	1079525	885420	1013047	915288	1021264	842076	783231	Argentina
20	Preparations of vegetables, fruit, nuts or other parts of plants	866874	942762	1369491	1367341	1286747	1020095	1107748	1161147	1147839	1207645	1009083	717312	Argentina
07	Edible vegetables and certain roots and tubers	427306	643466	743442	701782	451910	508240	461879	724267	732983	608855	638018	676765	Argentina
84	Machinery, mechanical appliances, nuclear reactors, boilers; parts thereof	1538631	1691985	1891081	1873437	1877644	1585664	1151781	1053875	1088629	1232234	1125049	669855	Argentina
30	Pharmaceutical products	662950	693216	809898	902831	912958	851257	1046668	906469	743308	670629	679380	610678	Argentina
33	Essential oils and resinoids; perfumery, cosmetic or toilet preparations	541309	657507	776880	796346	790165	733770	763382	632222	635137	664155	559204	502697	Argentina
11	Products of the milling industry; malt; starches; inulin; wheat gluten	548279	584169	771312	767614	426831	526753	534026	480545	499192	464299	546498	450284	Argentina
39	Plastics and articles thereof	1225477	1346573	1536173	1390059	1287292	1293156	948926	973269	992366	864737	733931	369542	Argentina
41	Raw hides and skins (other than furskins) and leather	662843	1001115	926519	831675	916903	1003200	823908	715201	719845	720205	564385	302948	Argentina
24	Tobacco and manufactured tobacco substitutes	378545	308448	398961	400049	352375	291520	224546	396807	322245	296636	240040	209643	Argentina
19	Preparations of cereals, flour, starch or milk; pastrycooks' products	244710	331712	420811	417651	476782	499255	336292	273646	262126	241585	222888	204070	Argentina
09	Coffee, tea, maté and spices	112698	140646	159639	180715	205716	220764	218822	177622	180486	196894	176574	167071	Argentina
44	Wood and articles of wood; wood charcoal	244098	274812	261317	187229	197533	186937	133214	108636	124633	120625	155256	153038	Argentina
17	Sugars and sugar confectionery	424053	298702	238901	290700	247620	134585	150142	305448	212333	133303	163241	147400	Argentina
21	Miscellaneous edible preparations	130871	177262	200465	194459	188864	195058	171398	161425	157380	157468	142827	146840	Argentina
29	Organic chemicals	390460	514256	524137	503315	523491	559157	439699	476170	475830	318394	284120	141577	Argentina
34	Soap, organic surface-active agents, washing preparations, lubricating preparations, artificial ...	148949	190354	222166	220707	201324	167178	144415	130339	144019	136457	129744	133353	Argentina
73	Articles of iron or steel	1287506	1201449	1494119	1391477	1174790	1075299	452328	359175	621900	318211	225377	125788	Argentina
52	Cotton	32400	98004	267962	123851	60895	145444	56459	79145	64045	168122	123939	110430	Argentina
85	Electrical machinery and equipment and parts thereof; sound recorders and reproducers, television ...	484608	508751	548572	497804	398858	296732	207769	190328	196382	209822	186424	105680	Argentina
51	Wool, fine or coarse animal hair; horsehair yarn and woven fabric	146960	232045	281924	200009	192986	186296	163352	233018	213848	267619	233238	99672	Argentina
16	Preparations of meat, of fish or of crustaceans, molluscs or other aquatic invertebrates	243355	214049	216426	151702	127440	108232	83775	86126	103641	123843	127528	96828	Argentina
48	Paper and paperboard; articles of paper pulp, of paper or of paperboard	390003	454231	484433	324706	289282	259524	216447	181080	222215	169207	220195	91480	Argentina
90	Optical, photographic, cinematographic, measuring, checking, precision, medical or surgical ...	189994	190503	211625	190713	167532	142297	119332	117069	110447	114656	113901	90164	Argentina
40	Rubber and articles thereof	332494	386041	425515	392750	372985	338589	227884	252970	298114	258886	278830	84957	Argentina
28	Inorganic chemicals; organic or inorganic compounds of precious metals, of rare-earth metals, ...	272168	284864	352806	360469	330172	330029	278867	337066	380668	364662	276595	81872	Argentina
76	Aluminium and articles thereof	583850	762677	859194	728074	733370	634408	540489	621683	793484	340625	328457	77768	Argentina
25	Salt; sulphur; earths and stone; plastering materials, lime and cement	86851	107439	116107	130697	128545	112271	97220	91180	85339	89287	87289	75079	Argentina
32	Tanning or dyeing extracts; tannins and their derivatives; dyes, pigments and other colouring ...	145336	187981	191373	194998	178853	161199	134958	131295	139866	131548	127565	74708	Argentina
18	Cocoa and cocoa preparations	141835	137735	160308	175220	144956	143948	126357	90241	100459	113158	92799	71088	Argentina
05	Products of animal origin, not elsewhere specified or included	80250	76104	77657	76805	76199	73299	61951	51114	68307	78513	82722	69980	Argentina
35	Albuminoidal substances; modified starches; glues; enzymes	236983	250787	314802	303120	347107	310202	298028	233657	212653	115493	100405	55848	Argentina
96	Miscellaneous manufactured articles	11377	15325	17104	176928	112449	92518	84617	58499	77125	68970	67093	52960	Argentina
70	Glass and glassware	43013	48989	51217	49831	41429	34316	30188	31300	33961	36824	78003	35128	Argentina
68	Articles of stone, plaster, cement, asbestos, mica or similar materials	58305	75229	90458	81069	74276	69805	58883	49553	50580	44345	47155	34202	Argentina
56	Wadding, felt and nonwovens; special yarns; twine, cordage, ropes and cables and articles thereof	56005	76301	91712	76084	75842	67880	60121	46579	48385	45382	35162	33947	Argentina
26	Ores, slag and ash	1277694	1820067	1889228	2097604	1361145	1250168	717012	985397	722183	140068	321746	32485	Argentina
94	Furniture; bedding, mattresses, mattress supports, cushions and similar stuffed furnishings; ...	114367	120440	113664	114830	97107	74521	58661	46887	40667	42637	37208	25487	Argentina
49	Printed books, newspapers, pictures and other products of the printing industry; manuscripts, ...	73437	82136	81885	83011	60793	52108	42207	39702	36088	39474	39962	21930	Argentina
83	Miscellaneous articles of base metal	43025	50789	50712	52294	55695	42782	38285	38962	37767	35336	30296	18696	Argentina
97	Works of art, collectors' pieces and antiques	7620	7711	6619	5217	3578	2356	1783	4077	10402	41909	529730	15141	Argentina
82	Tools, implements, cutlery, spoons and forks, of base metal; parts thereof of base metal	33037	35416	45790	39015	35727	32467	26731	27003	22614	29461	24289	14189	Argentina
01	Live animals	33425	25658	22450	26089	17886	23193	19474	33727	33519	37614	30253	14088	Argentina
42	Articles of leather; saddlery and harness; travel goods, handbags and similar containers; articles ...	31110	36198	37260	39423	29257	24745	19311	21116	21375	25396	23368	13984	Argentina
61	Articles of apparel and clothing accessories, knitted or crocheted	50445	54960	59116	58357	46738	36296	32909	17931	19396	12149	13724	9710	Argentina
69	Ceramic products	49980	68054	64870	55781	36425	28575	27751	22985	18287	13794	19270	7825	Argentina
13	Lac; gums, resins and other vegetable saps and extracts	1522	3498	5532	4184	4892	6204	3615	5094	9200	13658	15593	7503	Argentina
62	Articles of apparel and clothing accessories, not knitted or crocheted	29769	32702	42921	47421	40346	32373	24950	15532	13171	11051	12035	7334	Argentina
72	Iron and steel	513170	504491	516665	549306	460283	407208	237787	169524	130801	79858	156063	6447	Argentina
43	Furskins and artificial fur; manufactures thereof	27389	36448	46332	53661	44409	44597	40057	33092	28726	27333	22144	5262	Argentina
74	Copper and articles thereof	11196	23426	20468	15733	14005	15068	9840	4703	12516	5083	4202	4434	Argentina
63	Other made-up textile articles; sets; worn clothing and worn textile articles; rags	11638	14890	15470	13931	12284	11658	9042	8450	5079	4451	5111	3831	Argentina
78	Lead and articles thereof	34483	51067	52993	44151	48351	46390	26512	33457	70051	80564	44541	3395	Argentina
95	Toys, games and sports requisites; parts and accessories thereof	16542	15514	16335	14116	10119	8391	7677	4570	11653	7931	8285	3210	Argentina
64	Footwear, gaiters and the like; parts of such articles	27132	30190	32084	33846	31460	23416	15125	10065	49379	9988	6877	3084	Argentina
88	Aircraft, spacecraft, and parts thereof	616540	602945	755450	524268	492355	264594	252538	315555	489275	18387	51866	1864	Argentina
93	Arms and ammunition; parts and accessories thereof	14817	20116	18864	18658	19189	12146	9567	13559	9364	1954	2100	1859	Argentina
59	Impregnated, coated, covered or laminated textile fabrics; textile articles of a kind suitable ...	45847	51482	21312	17468	15357	11120	8097	5712	5477	6266	4404	1616	Argentina
79	Zinc and articles thereof	22445	18468	19193	16785	16225	6476	5629	393	8137	175	2093	1051	Argentina
31	Fertilisers	128359	61672	99405	174316	87936	40900	51346	48200	31439	39453	46932	945	Argentina
57	Carpets and other textile floor coverings	9361	8938	7586	9195	9314	7517	6683	4657	3939	3230	2543	452	Argentina
92	Musical instruments; parts and accessories of such articles	1623	1707	3153	3488	3674	3565	2230	2727	2546	1878	1872	425	Argentina
65	Headgear and parts thereof	1543	1743	2300	2768	2299	1432	1267	924	1237	993	1114	355	Argentina
91	Clocks and watches and parts thereof	2897	1459	5929	6200	7937	8497	7164	6521	5036	7088	5282	273	Argentina
45	Cork and articles of cork	2914	1350	1942	1775	961	1072	279	778	523	404	243	218	Argentina
86	Railway or tramway locomotives, rolling stock and parts thereof; railway or tramway track fixtures ...	11607	12289	13495	11429	11852	9815	8334	3694	5163	499	1001	147	Argentina
58	Special woven fabrics; tufted textile fabrics; lace; tapestries; trimmings; embroidery	19805	18563	8418	5272	5881	2331	1690	1698	1870	487	1845	115	Argentina
55	Man-made staple fibres	11890	9926	9249	5626	3382	3707	1944	3666	8769	5594	1900	101	Argentina
89	Ships, boats and floating structures	14422	38222	86873	125628	83747	48694	36928	25079	44534	3572	1685	53	Argentina
81	Other base metals; cermets; articles thereof	887	2349	2612	2708	3044	2650	2083	1973	1818	503	815	38	Argentina
46	Manufactures of straw, of esparto or of other plaiting materials; basketware and wickerwork	85	47	94	102	96	28	29	5	5	3	18	3	Argentina
75	Nickel and articles thereof	105	125	109	70	60	48	660	70	99	5	25	1	Argentina
47	Pulp of wood or of other fibrous cellulosic material; recovered (waste and scrap) paper or ...	129297	180287	167498	116419	135441	137860	128274	112269	127519	153361	128093	0	Argentina
53	Other vegetable textile fibres; paper yarn and woven fabrics of paper yarn	53	68	117	127	129	111	86	142	176	108	144	0	Argentina
54	Man-made filaments; strip and the like of man-made textile materials	39340	55087	104448	68078	59955	61361	33092	30927	28527	1474	1936	0	Argentina
50	Silk	25	2	56	195	56	38	5	1	3	0	0	0	Argentina
60	Knitted or crocheted fabrics	10164	12897	15838	16187	13572	9925	8386	5723	3968	466	511	0	Argentina
66	Umbrellas, sun umbrellas, walking sticks, seat-sticks, whips, riding-crops and parts thereof	322	330	866	392	379	163	90	84	47	80	50	0	Argentina
67	Prepared feathers and down and articles made of feathers or of down; artificial flowers; articles ...	441	407	209	136	375	64	368	113	135	5	0	0	Argentina
80	Tin and articles thereof	25	24	5	14	1	37	153	341	96	98	256	0	Argentina
36	Explosives; pyrotechnic products; matches; pyrophoric alloys; certain combustible preparations	6491	6919	7501	7285	4999	3876	4047	1070	3072	5793	3214	0	Argentina
37	Photographic or cinematographic goods	65810	82789	65002	17304	18677	9885	6400	1182	903	305	42	0	Argentina
14	Vegetable plaiting materials; vegetable products not elsewhere specified or included	5778	8713	5818	5925	7073	6370	6961	5374	5904	0	661	0	Argentina
06	Live trees and other plants; bulbs, roots and the like; cut flowers and ornamental foliage	2969	3143	3912	3262	2570	3079	2093	2138	2812	3271	3921	0	Argentina
TOTAL	All products	1201646800	1577763800	1898388400	2048782200	2209007300	2342292696	2281855922	2118980582	2271796142	2494230195	2498569866	2590607686	China
85	Electrical machinery and equipment and parts thereof; sound recorders and reproducers, television ...	301099032	388755010	445756705	487322454	561288340	570924486	600292287	557061947	598974916	664425033	670997854	710123506	China
84	Machinery, mechanical appliances, nuclear reactors, boilers; parts thereof	236009996	309813672	353763873	375899473	383152558	400834160	364536627	344804517	382926132	429953148	416975731	440251631	China
94	Furniture; bedding, mattresses, mattress supports, cushions and similar stuffed furnishings; ...	38936958	50584032	59336352	77886190	86414579	93374119	98734456	89500005	89816692	96416994	99499770	109394364	China
39	Plastics and articles thereof	25274692	34696577	45420906	55194044	61753142	66789420	65835653	64035659	70645690	80135877	84386942	96410779	China
90	Optical, photographic, cinematographic, measuring, checking, precision, medical or surgical ...	38914169	52109780	60684983	72631372	74530412	74001396	73779680	67870303	70648126	71444014	72995669	80224507	China
87	Vehicles other than railway or tramway rolling stock, and parts and accessories thereof	27931282	38397962	49539445	55117129	58549754	64192713	62651637	60416649	67358135	75094321	74366536	76265427	China
63	Other made-up textile articles; sets; worn clothing and worn textile articles; rags	16816773	19744230	22673294	24015853	26825158	28472646	26954429	25724646	26469444	27848983	27917683	75624449	China
95	Toys, games and sports requisites; parts and accessories thereof	26489520	29306702	34304910	35619114	35847098	38552900	42739073	44752051	55259517	56730622	62798229	71531654	China
73	Articles of iron or steel	33781144	39143621	51196168	56156107	57347766	60637042	60629517	53101329	57301335	65558408	69554449	71062581	China
62	Articles of apparel and clothing accessories, not knitted or crocheted	46716321	54361478	63073873	61224360	68251874	81445116	78506716	72766740	73591016	71448039	66798309	62342227	China
61	Articles of apparel and clothing accessories, knitted or crocheted	53762969	66710933	80164561	87045225	96792727	91991730	83842271	75026960	71972535	73525495	71440138	62243501	China
29	Organic chemicals	24229862	31451721	39292337	40408414	42201531	45442905	42683948	42177868	49731545	59795623	56814767	56963172	China
64	Footwear, gaiters and the like; parts of such articles	28016268	35633851	41722333	46811268	50761328	56248574	53609479	47803884	48437783	47135169	47803893	38115076	China
72	Iron and steel	13481835	28931498	39877628	37117672	38621005	55478832	49223944	43413076	43073950	46917053	39463924	33413368	China
27	Mineral fuels, mineral oils and products of their distillation; bituminous substances; mineral ...	20384070	26674613	32275552	31017957	33799248	34451695	27946007	26849906	35453364	46630492	47035193	32117928	China
69	Ceramic products	8060552	11099766	14052567	16745943	19162590	21978517	26337294	19420436	19997449	22369944	25432993	25116609	China
99	Commodities not elsewhere specified	1628225	1467101	2341691	1415578	1728194	2266660	2030505	5890469	6204745	5279261	11757215	24996201	China
76	Aluminium and articles thereof	9498521	14530901	18648585	18641304	20039265	22615470	23819933	21315169	22642422	27077282	26108435	24597895	China
42	Articles of leather; saddlery and harness; travel goods, handbags and similar containers; articles ...	15115638	20845585	26892327	28243843	30673232	30365883	31106911	28046821	29118206	29703611	29587779	22681926	China
40	Rubber and articles thereof	10663752	14895968	20924871	22151607	23129527	23597424	20358587	18874826	20686033	22276120	22160538	22539340	China
38	Miscellaneous chemical products	6524338	9539887	11934628	10981914	12304391	14211312	13222507	13541852	16242714	18141959	17086533	22171262	China
89	Ships, boats and floating structures	28364212	40296396	43625095	38819904	28681232	25202442	28794779	22538032	22905178	25005463	24497145	21732138	China
48	Paper and paperboard; articles of paper pulp, of paper or of paperboard	7567069	9561196	12905511	13721808	15987710	17818530	18849402	18172106	18417668	19460628	22008828	20890615	China
83	Miscellaneous articles of base metal	7416100	9567351	11888204	13314582	14853311	17180402	18509653	16340854	17480373	18633797	19630441	20179313	China
96	Miscellaneous manufactured articles	6872132	8663080	10148334	12180541	13107157	14227646	14698912	15086477	15649282	16490178	17984122	18466547	China
71	Natural or cultured pearls, precious or semi-precious stones, precious metals, metals clad ...	7498035	12546360	27503683	45451332	50288541	63199827	29186637	21160671	17779989	20117183	20816755	18440879	China
70	Glass and glassware	7597086	10325404	12603526	14893411	16202765	16039685	15855876	15609987	15850008	16859044	17905612	18344638	China
54	Man-made filaments; strip and the like of man-made textile materials	7494072	10085649	13815292	14300658	16014283	16878482	16382987	16596860	17977467	20499924	22212237	18193671	China
82	Tools, implements, cutlery, spoons and forks, of base metal; parts thereof of base metal	6465557	8869591	11173079	12262171	13256548	14786080	14619156	13546025	15076320	16365548	16680386	17168367	China
60	Knitted or crocheted fabrics	6422485	8666501	10697629	11219348	12900389	14141713	14629502	14467683	16509475	18164493	18671879	16272617	China
28	Inorganic chemicals; organic or inorganic compounds of precious metals, of rare-earth metals, ...	7813649	11763392	17303680	13921535	13592888	15026001	13463968	12294727	15023743	20183227	16908485	15207618	China
44	Wood and articles of wood; wood charcoal	7713472	9651542	11354387	12315248	12748096	14469961	14211189	13613183	13693414	14888330	13410434	13543077	China
30	Pharmaceutical products	3418671	4482156	5421338	5890833	6207562	6591592	6942904	7018375	7359497	8866142	9165509	13214357	China
68	Articles of stone, plaster, cement, asbestos, mica or similar materials	4860413	5787285	7365774	8072995	10062402	11094744	13098201	11387835	11555642	12284202	11555921	12622062	China
52	Cotton	9600864	13066589	15497505	14838936	17546657	16304250	15806581	14995944	15132579	15393581	14142823	11000906	China
03	Fish and crustaceans, molluscs and other aquatic invertebrates	6813578	8806786	10988832	11323257	12526363	14074262	13325035	13705666	13255372	13257220	12470733	10712134	China
55	Man-made staple fibres	6060933	7956682	11176015	10624386	11211386	12817090	12901704	12143454	12055254	12692242	12395421	10061646	China
86	Railway or tramway locomotives, rolling stock and parts thereof; railway or tramway track fixtures ...	2862505	8915161	14315876	12886172	10994681	12737456	12408623	6855397	10946520	13274153	9133122	9785653	China
07	Edible vegetables and certain roots and tubers	4853057	7477261	8722974	6905649	7871395	8226456	9026404	10553812	11161646	10518061	10328092	9671653	China
16	Preparations of meat, of fish or of crustaceans, molluscs or other aquatic invertebrates	4576013	5863961	7861641	8951553	8982206	8881919	8007538	7941930	9025330	10253046	9241241	9165675	China
67	Prepared feathers and down and articles made of feathers or of down; artificial flowers; articles ...	2353879	3042480	4323613	5277906	5849411	6539438	6847773	5275763	6023655	7019013	8516883	8543391	China
56	Wadding, felt and nonwovens; special yarns; twine, cordage, ropes and cables and articles thereof	1962161	2683298	3457645	3540451	4125344	4598021	4861927	4937214	5089427	5742582	6062448	8172596	China
32	Tanning or dyeing extracts; tannins and their derivatives; dyes, pigments and other colouring ...	3068047	4309351	5504602	5470083	5803352	6723672	6300753	6204143	7056043	7782237	7739324	7833365	China
20	Preparations of vegetables, fruit, nuts or other parts of plants	4750099	5544635	6980105	7562049	7852143	7634471	7390335	7342281	7691124	8051121	7838562	7623290	China
08	Edible fruit and nuts; peel of citrus fruit or melons	2378787	2679443	3188464	3771731	4171873	4318152	5210495	5486744	5343137	5284633	6229019	7069197	China
59	Impregnated, coated, covered or laminated textile fabrics; textile articles of a kind suitable ...	3965391	5626071	7254361	6848801	7375917	7607249	7131843	6932651	7406177	8039745	7969555	6713040	China
31	Fertilisers	2584421	5431165	7924010	7242172	6252535	8919588	10878120	6551331	6074758	7027789	7170886	6567174	China
74	Copper and articles thereof	3574551	4802012	6743804	7191572	7144440	6982630	5624280	5822738	6470535	6948149	6783502	6173406	China
34	Soap, organic surface-active agents, washing preparations, lubricating preparations, artificial ...	1592544	2026032	2677881	2946947	3133967	3447921	3283423	3272920	3562707	4128183	4429442	5253746	China
33	Essential oils and resinoids; perfumery, cosmetic or toilet preparations	1937112	2494011	3029071	3299935	3620700	4187334	4703487	4367112	4846660	5633581	5896179	5189935	China
21	Miscellaneous edible preparations	1298612	1559219	2006015	2223215	2464515	2708012	2981456	3208458	3355603	3676668	3975850	4562744	China
58	Special woven fabrics; tufted textile fabrics; lace; tapestries; trimmings; embroidery	3529781	3804671	4569919	4637697	4874882	5122517	4805720	4590432	4739217	5073174	5318943	4094541	China
09	Coffee, tea, maté and spices	1403163	1657471	2020633	1942993	2245403	2452618	2537040	2981847	3183074	3285918	3640092	4035455	China
65	Headgear and parts thereof	2226312	2797773	3537139	3897285	4439499	4542484	4789982	4491133	4366502	4680178	4653491	4027763	China
91	Clocks and watches and parts thereof	2452306	3048958	3688017	5063267	5568388	5322873	5775587	5497417	4844678	4721817	4972517	3632689	China
49	Printed books, newspapers, pictures and other products of the printing industry; manuscripts, ...	2361985	2704437	3105985	3471603	3699520	3837578	3906625	3693880	3646337	3883529	3982723	3489413	China
35	Albuminoidal substances; modified starches; glues; enzymes	1430758	1749972	2045236	2214276	2453126	2679247	2641672	2511718	2849480	3059205	3232373	3416025	China
43	Furskins and artificial fur; manufactures thereof	1305159	1988385	2599659	3050125	3656584	4155154	3341350	3405379	3714794	4310069	5090498	3286002	China
25	Salt; sulphur; earths and stone; plastering materials, lime and cement	2172348	3120483	3418341	3390603	3455993	3872636	3584940	3029675	3240568	3738519	3306115	3103256	China
57	Carpets and other textile floor coverings	1491264	1954949	2323673	2403738	2505473	2680213	2629738	2538131	2707665	2977667	2921214	2964456	China
23	Residues and waste from the food industries; prepared animal fodder	1762851	1954917	2057258	2934541	2734225	3259876	2663763	2768075	2659186	3116370	2810201	2919230	China
12	Oil seeds and oleaginous fruits; miscellaneous grains, seeds and fruit; industrial or medicinal ...	1843544	2047935	2345931	2626582	2924864	3114042	2899599	2718629	2646093	2714272	2875538	2875275	China
81	Other base metals; cermets; articles thereof	1805260	3031484	3718400	3193209	3184877	3488112	2839108	2568398	3245591	3879060	3536180	2735810	China
88	Aircraft, spacecraft, and parts thereof	941440	1265232	1630432	1558316	1939710	2647267	3483943	3440181	3670362	4612433	3906195	2457068	China
66	Umbrellas, sun umbrellas, walking sticks, seat-sticks, whips, riding-crops and parts thereof	1847660	2436111	2881397	2825465	3002369	3214010	3107721	2743505	2633386	2718337	2862614	2397727	China
19	Preparations of cereals, flour, starch or milk; pastrycooks' products	984740	1160063	1502169	1499717	1531678	1573199	1528407	1580240	1650517	1976027	2216756	2010331	China
22	Beverages, spirits and vinegar	832085	994848	1183170	1386685	1341095	1651195	1993957	2203506	2220503	2369733	2100393	1972710	China
26	Ores, slag and ash	217947	580171	593666	424166	378873	350079	244868	275276	719599	1171065	1815755	1941827	China
92	Musical instruments; parts and accessories of such articles	1217535	1466064	1623545	1702308	1660409	1710772	1690286	1589822	1555163	1639029	1744875	1884115	China
05	Products of animal origin, not elsewhere specified or included	1217599	1357334	1836123	2057349	2200322	2292694	1771677	1772269	2309658	2533417	2393294	1827400	China
17	Sugars and sugar confectionery	771243	1059719	1289956	1265264	1451715	1540355	1562549	1707267	1759675	1828254	1861198	1702873	China
46	Manufactures of straw, of esparto or of other plaiting materials; basketware and wickerwork	1522661	1519906	1785380	1791025	1691630	1664038	1614315	1485506	1496911	1604037	1659154	1657904	China
13	Lac; gums, resins and other vegetable saps and extracts	517119	646249	981262	989890	1150739	1305974	1273550	1257675	1348619	1528701	1564994	1636523	China
51	Wool, fine or coarse animal hair; horsehair yarn and woven fabric	1625850	2361690	2958974	2583912	2619247	2522052	2281247	2139088	1999467	2475896	2359497	1543868	China
15	Animal or vegetable fats and oils and their cleavage products; prepared edible fats; animal ...	329944	369439	544235	567362	606539	644614	666628	588225	841956	1092620	1189397	1439277	China
10	Cereals	618118	539441	608660	443108	513962	445421	322024	401329	673993	950004	1120979	959995	China
37	Photographic or cinematographic goods	805872	1072934	1174378	1211128	1217757	1192484	1184862	1074206	1083473	1131340	1105578	933929	China
53	Other vegetable textile fibres; paper yarn and woven fabrics of paper yarn	592821	869564	1131311	1068299	1285328	1486329	1568380	1054693	1056902	1398649	1368277	919007	China
24	Tobacco and manufactured tobacco substitutes	878107	1020302	1140509	1261902	1321735	1283912	1351466	1376375	1326671	1405547	1420818	778752	China
36	Explosives; pyrotechnic products; matches; pyrophoric alloys; certain combustible preparations	650679	651534	779889	859726	901511	983577	946930	822388	824449	996809	898075	726459	China
02	Meat and edible meat offal	763950	994591	1075432	980500	988524	1181933	1057537	902452	916721	867132	840989	710776	China
97	Works of art, collectors' pieces and antiques	50489	160487	374777	534303	1041022	597460	593839	419344	139898	197293	744839	694942	China
11	Products of the milling industry; malt; starches; inulin; wheat gluten	465762	552271	587060	602329	610519	612292	593602	565826	574494	791928	838820	692380	China
41	Raw hides and skins (other than furskins) and leather	241579	411728	452789	445187	466067	563330	666599	634736	619070	636252	705398	644474	China
01	Live animals	441833	453963	570798	582866	580625	585572	597731	646748	561541	544086	509746	599665	China
04	Dairy produce; birds' eggs; natural honey; edible products of animal origin, not elsewhere ...	340324	404553	498648	533947	544779	586072	604177	589474	588280	589534	560915	576996	China
75	Nickel and articles thereof	659414	1298595	1053605	880835	996864	2213751	771566	329631	418379	455596	918945	547811	China
50	Silk	1287710	1642004	1745541	1706534	1630003	1516713	1270323	1159517	1114376	1140489	995138	511466	China
06	Live trees and other plants; bulbs, roots and the like; cut flowers and ornamental foliage	188265	205566	228994	256113	275439	409950	299635	331766	336340	379741	431893	472602	China
18	Cocoa and cocoa preparations	129543	212617	314904	332925	385986	475797	442386	425911	376015	403638	399747	327437	China
79	Zinc and articles thereof	230008	286211	289131	158320	233362	572652	525749	309208	246892	249465	333994	242244	China
93	Arms and ammunition; parts and accessories thereof	63539	97520	116973	138674	159233	161163	169511	140052	132826	164061	142473	184948	China
14	Vegetable plaiting materials; vegetable products not elsewhere specified or included	58537	63637	85185	91191	89260	103565	124732	122423	129394	127756	129806	157095	China
80	Tin and articles thereof	68280	173575	174297	97115	157002	141263	60302	67284	59821	74650	112076	126851	China
47	Pulp of wood or of other fibrous cellulosic material; recovered (waste and scrap) paper or ...	91021	140135	231036	127783	106293	117669	113095	109747	135094	131323	134191	115019	China
78	Lead and articles thereof	123160	173111	160752	60506	164296	160514	160390	73066	84973	132409	64066	42163	China
45	Cork and articles of cork	15773	16204	17730	15559	17067	19651	22411	21644	21205	25549	25680	28283	China
TOTAL	All products	1125844048	1267743109	1483802558	1410146321	1450937515	1498238432	1323665116	1332489067	1444776367	1556622939	1486877250	1378030840	Germany
84	Machinery, mechanical appliances, nuclear reactors, boilers; parts thereof	204752727	221343169	261977941	245246444	250238898	256523585	221514216	220421950	248051372	272509150	261225984	236713066	Germany
87	Vehicles other than railway or tramway rolling stock, and parts and accessories thereof	163379152	203378737	247545183	235528646	243242057	259437100	241453521	244154605	256940930	263870692	244648222	211170797	Germany
85	Electrical machinery and equipment and parts thereof; sound recorders and reproducers, television ...	114227517	134931068	148727317	138383492	142979931	147300174	130043235	136072867	149505476	163964937	158450943	151869495	Germany
30	Pharmaceutical products	63229557	63752870	69041420	70387759	74817967	79703686	75297186	75898005	83769470	96420262	90294694	97436605	Germany
90	Optical, photographic, cinematographic, measuring, checking, precision, medical or surgical ...	48767435	56519903	66133349	63981334	67218291	68773985	62100114	64872029	73331967	79980015	79457606	74535250	Germany
39	Plastics and articles thereof	48159173	53506444	61505198	57420579	60550317	62934869	56058285	57400821	63173991	67669156	62929691	60161909	Germany
99	Commodities not elsewhere specified	35272323	40387556	43927564	43973921	44470082	49045735	42874710	41835600	38393487	38038307	35266936	30535500	Germany
88	Aircraft, spacecraft, and parts thereof	31153093	30958318	37731494	43481830	44010555	43724995	43903025	45039677	42387778	41426489	43236015	28264460	Germany
73	Articles of iron or steel	27585072	28465858	34546209	32016850	33214417	33351869	28581438	27998994	30433550	33514332	31202446	28185730	Germany
38	Miscellaneous chemical products	17972292	20901282	25065719	22886160	24817743	25631887	22569561	23397952	25007284	27134471	26170082	27046138	Germany
27	Mineral fuels, mineral oils and products of their distillation; bituminous substances; mineral ...	24070186	26674381	37098662	36757402	36403369	35393107	29750472	22997923	26126339	33199216	34039982	26196875	Germany
29	Organic chemicals	24598734	26080901	29386266	28755619	30147608	30422383	24002787	22736857	25025705	26854205	25780951	24576820	Germany
71	Natural or cultured pearls, precious or semi-precious stones, precious metals, metals clad ...	9954770	15174860	20985870	19610798	16711362	14159600	12072578	12648050	13025040	14277863	17757915	22687842	Germany
72	Iron and steel	22986411	29591780	35737415	31431707	29105625	29075503	23115784	21449439	26263655	29111225	25540260	22086746	Germany
48	Paper and paperboard; articles of paper pulp, of paper or of paperboard	21838202	23880019	26026101	21932663	22195531	22506071	19011056	19141635	20089085	22176364	20621979	19191188	Germany
94	Furniture; bedding, mattresses, mattress supports, cushions and similar stuffed furnishings; ...	14796804	15366753	18331296	16982244	17247450	18092091	16269778	16811935	17314210	18628722	17861644	16493313	Germany
40	Rubber and articles thereof	12129505	15070377	18868366	17610579	17896432	17853481	15279484	15466029	17123784	17931476	16598712	15140020	Germany
76	Aluminium and articles thereof	12818762	13651578	17751770	15559977	16212864	16966653	15540960	15164438	16425780	17736745	16485729	14745633	Germany
32	Tanning or dyeing extracts; tannins and their derivatives; dyes, pigments and other colouring ...	10065752	11350847	13145027	13131560	13840809	13992986	11826889	12006348	12870189	13637741	12945307	12207330	Germany
74	Copper and articles thereof	9308318	13772575	16880493	14893274	14024380	13696397	11065502	10359977	12269946	13252150	11561182	11536296	Germany
62	Articles of apparel and clothing accessories, not knitted or crocheted	9281599	9115006	10553406	9484482	9710127	10172223	8347614	8583596	10530548	12276548	12489807	11515062	Germany
61	Articles of apparel and clothing accessories, knitted or crocheted	7388985	7933875	9184559	8166651	8587097	9290273	7830957	7949465	9787282	11103946	11314712	11107962	Germany
04	Dairy produce; birds' eggs; natural honey; edible products of animal origin, not elsewhere ...	8340689	9316398	10904970	10192285	11950270	12394298	9208331	8797405	10386510	10530547	10536248	10619227	Germany
28	Inorganic chemicals; organic or inorganic compounds of precious metals, of rare-earth metals, ...	7642455	9005555	10714398	10067735	9450639	9792367	7954086	7549782	8530580	9268451	9838075	10520676	Germany
33	Essential oils and resinoids; perfumery, cosmetic or toilet preparations	8899959	9689154	10747773	10510698	11132375	11119241	9686353	10042356	10591776	11652263	11701739	10293167	Germany
44	Wood and articles of wood; wood charcoal	8255276	8602359	9274825	8245089	8764114	9149940	7863351	8164120	8850717	9845533	9498114	9887893	Germany
82	Tools, implements, cutlery, spoons and forks, of base metal; parts thereof of base metal	6735141	7631250	9004951	8670881	9101396	9690862	8519402	8667025	9406017	10150930	9433882	8709545	Germany
34	Soap, organic surface-active agents, washing preparations, lubricating preparations, artificial ...	6353511	6936271	8078259	7805553	8379331	8686334	7562238	7820357	8447450	9095429	8592556	8582474	Germany
02	Meat and edible meat offal	8401056	8496138	10121048	10032460	10379106	10003939	8064658	8474031	8983367	8547412	9115320	8284419	Germany
64	Footwear, gaiters and the like; parts of such articles	3789074	4072996	5418371	4504555	5137204	5815619	5078414	5846026	7451125	8589605	8978209	8260487	Germany
83	Miscellaneous articles of base metal	7033765	7781542	8871348	8142969	8515006	8787085	7658143	7941896	8410293	8933999	8382572	7853130	Germany
19	Preparations of cereals, flour, starch or milk; pastrycooks' products	5591806	5501065	6152333	6097904	6676323	6870001	6189289	6513151	7105296	7583893	7382541	7564153	Germany
21	Miscellaneous edible preparations	5004610	4936839	5680265	5640705	6142359	6360830	5505063	5800303	6291337	6735265	6698415	6972574	Germany
70	Glass and glassware	5760196	6031646	6683288	6198012	6718698	7136819	6227443	6411907	6894165	7784553	7127434	6632443	Germany
22	Beverages, spirits and vinegar	5553454	5857118	6509665	6310278	6741054	6934404	5963551	6282244	6590699	6970070	6656661	6102097	Germany
18	Cocoa and cocoa preparations	3797265	4369779	5093484	4816978	5317418	6095967	5387887	5710829	5784858	6194380	6180269	6041775	Germany
95	Toys, games and sports requisites; parts and accessories thereof	7815861	6604056	6841436	5083096	4500397	4735040	4489409	4491761	5389675	6027224	5790064	5921283	Germany
23	Residues and waste from the food industries; prepared animal fodder	3484326	3547648	3973209	4451483	4884021	5100540	4437552	4450008	4453035	4865492	4831473	5624654	Germany
89	Ships, boats and floating structures	3398387	6646076	4313544	5084505	4642259	5425577	5730087	5846655	7054399	8867620	6145823	5426522	Germany
68	Articles of stone, plaster, cement, asbestos, mica or similar materials	3846551	4300709	5064670	4622010	4892644	5163717	4542012	4798296	5208184	5758107	5393041	5157010	Germany
96	Miscellaneous manufactured articles	2347393	2493959	2728459	4291486	4501995	4808107	4087794	4248699	4415136	4662186	4447312	4345245	Germany
35	Albuminoidal substances; modified starches; glues; enzymes	2771086	3079731	3560775	3517234	3757912	4048749	3447180	3428645	3875946	4140516	3971740	4249123	Germany
63	Other made-up textile articles; sets; worn clothing and worn textile articles; rags	2270992	2357608	2833340	2684188	2835009	3083456	2772098	2823388	2803312	3134936	3091936	4164078	Germany
49	Printed books, newspapers, pictures and other products of the printing industry; manuscripts, ...	6156285	5872119	5964288	5303642	5515477	5508143	4599330	4551406	4602367	4988380	4423611	3999445	Germany
86	Railway or tramway locomotives, rolling stock and parts thereof; railway or tramway track fixtures ...	4945652	5377308	4777202	5035425	4768558	4786069	3522337	4653622	5255388	4651568	4074144	3988556	Germany
69	Ceramic products	3498483	3585469	4020134	3693214	3802281	3904860	3385249	3479757	3664030	4127718	4130881	3688496	Germany
16	Preparations of meat, of fish or of crustaceans, molluscs or other aquatic invertebrates	3116397	2964072	3381957	3306520	3609811	3695935	3111060	3067023	3236258	3545017	3439004	3465356	Germany
20	Preparations of vegetables, fruit, nuts or other parts of plants	2804175	2564237	2856282	2817101	3086003	3151112	2775895	2891340	3149470	3468977	3313108	3313609	Germany
09	Coffee, tea, maté and spices	2163127	2480584	3374925	3086856	2988542	3125847	2834089	2959525	3326713	3248254	3046116	3246978	Germany
15	Animal or vegetable fats and oils and their cleavage products; prepared edible fats; animal ...	2169260	2441089	3495815	3767866	3968361	3279741	2960403	3083262	3237571	2988307	2786630	3176735	Germany
10	Cereals	3016525	2823660	3317142	3320473	4324986	3851433	3400566	2842344	2440211	1970198	1950343	2990152	Germany
24	Tobacco and manufactured tobacco substitutes	5230690	5118025	6071774	5372678	4977640	5094027	4678573	4854773	4449768	4177132	3670235	2815782	Germany
56	Wadding, felt and nonwovens; special yarns; twine, cordage, ropes and cables and articles thereof	2275891	2521172	2946857	2669760	2874803	3023663	2568260	2563622	2749888	2885225	2771730	2719030	Germany
17	Sugars and sugar confectionery	2011470	1982639	2327415	2492795	2504913	2563806	1988061	2166503	2535596	2667135	2534444	2623151	Germany
42	Articles of leather; saddlery and harness; travel goods, handbags and similar containers; articles ...	1743751	1810311	2180238	2027940	2152711	2344410	2101704	2246534	2541596	2783062	2756710	2445876	Germany
59	Impregnated, coated, covered or laminated textile fabrics; textile articles of a kind suitable ...	2017334	2367500	2733414	2520869	2648466	2679217	2302703	2480170	2710364	2897130	2595685	2393528	Germany
08	Edible fruit and nuts; peel of citrus fruit or melons	1637615	1682338	1777867	1596706	1860186	2006555	2042635	2114438	2128510	2202111	2115586	2281560	Germany
25	Salt; sulphur; earths and stone; plastering materials, lime and cement	2539287	2555666	2996168	2545805	2622302	2585398	2224933	2204371	2238863	2341358	2220896	2092858	Germany
11	Products of the milling industry; malt; starches; inulin; wheat gluten	1255828	1200792	1441080	1525141	1668336	1781589	1577957	1603870	1706453	1848105	1855027	1855756	Germany
91	Clocks and watches and parts thereof	1342606	1683469	2081621	2087429	2379012	2543853	2376949	2016898	1959185	2013324	1852557	1641566	Germany
12	Oil seeds and oleaginous fruits; miscellaneous grains, seeds and fruit; industrial or medicinal ...	1145101	1235821	1426964	1242179	1335565	1474274	1270145	1397836	1534080	1698410	1498223	1593113	Germany
03	Fish and crustaceans, molluscs and other aquatic invertebrates	1390114	1453025	1714839	1504770	1676760	1804248	1616489	1783063	1857900	1843942	1654041	1516115	Germany
75	Nickel and articles thereof	855729	1054365	1415524	1405236	1323887	1394144	1233365	979061	1213612	1498567	1568836	1464122	Germany
01	Live animals	1425224	1443241	1779166	1792194	2033939	2017558	1728518	1643893	1670774	1668533	1553860	1359160	Germany
07	Edible vegetables and certain roots and tubers	1116906	1184353	1266429	1161859	1467845	1254724	1091992	1173039	1230298	1273249	1341320	1280252	Germany
54	Man-made filaments; strip and the like of man-made textile materials	1869626	1931416	2204852	1842805	1865482	1914384	1618206	1560702	1622502	1679396	1511272	1257293	Germany
81	Other base metals; cermets; articles thereof	841118	1162194	1573782	1497585	1554188	1728664	1407078	1409563	1568894	1732506	1616705	1202914	Germany
37	Photographic or cinematographic goods	1580817	1521356	1532085	1496291	1543039	1551521	1311975	1381324	1370106	1489422	1373880	1188833	Germany
06	Live trees and other plants; bulbs, roots and the like; cut flowers and ornamental foliage	859125	847954	1065775	984174	1111277	1113341	938395	1019858	1023631	1132885	1074862	1074334	Germany
47	Pulp of wood or of other fibrous cellulosic material; recovered (waste and scrap) paper or ...	1132731	1429002	1753803	1448125	1541641	1531451	1358023	1331187	1413777	1417163	1288609	1047292	Germany
31	Fertilisers	2261783	2338074	3144907	3203528	2847737	2453858	997308	911565	966129	1078384	1089235	1015755	Germany
05	Products of animal origin, not elsewhere specified or included	774962	782650	969625	984295	1114161	1052768	856660	870186	991717	1094625	1034714	981440	Germany
55	Man-made staple fibres	1536323	1623027	1829242	1672928	1791734	1788930	1074572	1042378	1099003	1125186	1000448	926491	Germany
97	Works of art, collectors' pieces and antiques	712702	1025797	1305590	1211857	865955	842359	918485	782163	869586	1036022	913009	720399	Germany
92	Musical instruments; parts and accessories of such articles	548945	630526	746446	696477	720468	730496	620072	611143	679880	759267	772698	717860	Germany
60	Knitted or crocheted fabrics	966663	1062780	1242494	1005948	1027452	1021203	865789	882865	934223	902768	806379	694923	Germany
52	Cotton	1210316	1324216	1629487	1330077	1300927	1261326	982249	945242	963166	945409	813918	687618	Germany
41	Raw hides and skins (other than furskins) and leather	863705	1123277	1423629	1299635	1416428	1512340	1224282	1095867	1085458	1063599	797212	620102	Germany
79	Zinc and articles thereof	482958	629320	726675	658213	599146	675658	513384	519145	706341	752784	744922	590908	Germany
65	Headgear and parts thereof	318837	346065	406406	358976	409201	452205	383236	414642	482696	529108	547184	560035	Germany
57	Carpets and other textile floor coverings	657381	686954	754716	677930	673079	689896	567251	601043	619553	646910	604149	557292	Germany
93	Arms and ammunition; parts and accessories thereof	537536	537877	555146	589785	688440	577779	494695	566776	534409	534982	506646	539620	Germany
13	Lac; gums, resins and other vegetable saps and extracts	621330	623757	649029	631614	676073	674110	405949	428015	501656	548711	551689	536278	Germany
26	Ores, slag and ash	333217	409554	479918	458289	448015	418218	368473	407045	554825	594785	576164	499917	Germany
58	Special woven fabrics; tufted textile fabrics; lace; tapestries; trimmings; embroidery	603900	631185	690547	594745	603105	610400	549551	560320	596281	616733	579864	499320	Germany
51	Wool, fine or coarse animal hair; horsehair yarn and woven fabric	747016	845245	1064740	867929	734332	696407	634468	626296	569684	580008	522938	396173	Germany
78	Lead and articles thereof	544666	655028	708783	554367	554103	630095	449332	373564	499564	504300	381070	338924	Germany
36	Explosives; pyrotechnic products; matches; pyrophoric alloys; certain combustible preparations	261467	268965	315446	299087	300843	281989	168822	181070	213522	262632	264293	229544	Germany
67	Prepared feathers and down and articles made of feathers or of down; artificial flowers; articles ...	89097	94073	119025	116581	120941	129673	113397	127548	137009	162548	166642	168412	Germany
66	Umbrellas, sun umbrellas, walking sticks, seat-sticks, whips, riding-crops and parts thereof	253436	153999	113698	101652	101080	112528	105163	132429	104980	117546	107290	94082	Germany
80	Tin and articles thereof	94856	138156	191259	146728	155890	165447	114629	116373	130964	134394	107801	93462	Germany
43	Furskins and artificial fur; manufactures thereof	174478	197568	249310	280584	273785	256004	149557	125581	142420	146764	123913	60340	Germany
46	Manufactures of straw, of esparto or of other plaiting materials; basketware and wickerwork	65447	54977	54698	50101	50095	54085	49379	54977	50471	51978	52840	59594	Germany
53	Other vegetable textile fibres; paper yarn and woven fabrics of paper yarn	67541	62434	73632	60128	53472	53058	45130	45274	42720	46102	46180	38696	Germany
45	Cork and articles of cork	47501	40579	46768	40505	34711	36404	31525	33728	33277	35215	34047	31914	Germany
50	Silk	84968	85620	97104	101007	97117	86970	64373	50083	49945	51904	30131	23988	Germany
14	Vegetable plaiting materials; vegetable products not elsewhere specified or included	12930	12170	15800	13845	10775	12712	9002	7689	8338	10778	9336	9879	Germany
TOTAL	All products	2017386	2085662	2541705	2531665	2660989	2750172	2611672	2640277	3013160	3630401	4175809	3934554	Senegal
71	Natural or cultured pearls, precious or semi-precious stones, precious metals, metals clad ...	182896	204920	248262	359386	381759	353060	257376	329544	379493	565051	642139	736119	Senegal
27	Mineral fuels, mineral oils and products of their distillation; bituminous substances; mineral ...	440823	436104	374420	360804	439199	460980	362449	282196	445327	572632	831360	629026	Senegal
03	Fish and crustaceans, molluscs and other aquatic invertebrates	228373	232251	300331	262947	302941	374587	331738	365203	396428	472819	496089	431684	Senegal
28	Inorganic chemicals; organic or inorganic compounds of precious metals, of rare-earth metals, ...	150205	201876	345372	279552	170074	108588	164446	199981	170474	288392	340510	270500	Senegal
12	Oil seeds and oleaginous fruits; miscellaneous grains, seeds and fruit; industrial or medicinal ...	3909	9060	15147	17191	33225	14606	90519	108041	90632	84548	195402	203413	Senegal
26	Ores, slag and ash	35	230	1192	236	202	20269	93213	99615	145160	179705	196980	202189	Senegal
25	Salt; sulphur; earths and stone; plastering materials, lime and cement	185677	239728	280885	269932	214187	252822	269161	266656	257293	206752	193706	174341	Senegal
21	Miscellaneous edible preparations	45029	49335	74181	93706	132293	126919	115975	116676	137008	146184	144673	148577	Senegal
72	Iron and steel	84275	99522	150424	137316	118284	83630	51008	42307	77750	97065	102057	109291	Senegal
07	Edible vegetables and certain roots and tubers	21560	24839	30872	26868	53723	59097	48674	52234	68530	72277	69993	89020	Senegal
33	Essential oils and resinoids; perfumery, cosmetic or toilet preparations	48454	44508	46408	46326	46966	55660	47084	48392	53421	73299	72498	78240	Senegal
08	Edible fruit and nuts; peel of citrus fruit or melons	8768	8976	17050	21334	29533	30264	23041	32743	37392	69263	100479	74211	Senegal
24	Tobacco and manufactured tobacco substitutes	88015	87689	99645	87221	128110	132740	127353	114232	108045	96190	74148	62735	Senegal
67	Prepared feathers and down and articles made of feathers or of down; artificial flowers; articles ...	4073	3327	2827	10620	28867	34551	36761	41858	52551	61402	35892	58227	Senegal
19	Preparations of cereals, flour, starch or milk; pastrycooks' products	10037	12351	29464	38319	48245	48388	49650	32883	56946	41810	35071	56078	Senegal
16	Preparations of meat, of fish or of crustaceans, molluscs or other aquatic invertebrates	12566	4295	3366	625	12267	14884	11741	6029	10734	21735	68701	52306	Senegal
89	Ships, boats and floating structures	1460	767	1205	22029	651	721	296	283	1923	808	16719	42854	Senegal
84	Machinery, mechanical appliances, nuclear reactors, boilers; parts thereof	22434	29136	31783	38396	20519	39459	35183	33164	31259	29361	36415	40396	Senegal
39	Plastics and articles thereof	50635	36616	31746	37621	35194	41865	37920	41458	40790	42269	33113	38334	Senegal
31	Fertilisers	11082	9276	13065	7373	11456	31813	10508	17346	32597	46919	50267	36987	Senegal
55	Man-made staple fibres	1514	1871	1378	5780	17152	20832	22690	24969	34539	34982	26635	35637	Senegal
34	Soap, organic surface-active agents, washing preparations, lubricating preparations, artificial ...	8052	17564	16277	12158	12910	11761	9997	15040	15657	18035	22285	27477	Senegal
10	Cereals	50020	23366	54969	43693	39487	41562	38272	46306	32371	46491	52769	26456	Senegal
87	Vehicles other than railway or tramway rolling stock, and parts and accessories thereof	46537	41167	32114	29651	16411	23352	19686	25295	34930	16228	27441	24638	Senegal
85	Electrical machinery and equipment and parts thereof; sound recorders and reproducers, television ...	23971	26202	29265	44026	35955	47729	47603	32664	39034	31358	21787	24495	Senegal
22	Beverages, spirits and vinegar	3715	3970	5365	3945	4858	4112	4229	3221	5431	5454	8406	22045	Senegal
73	Articles of iron or steel	11047	14309	12386	14372	13842	15299	11401	19370	16258	17650	13469	19413	Senegal
48	Paper and paperboard; articles of paper pulp, of paper or of paperboard	20700	11997	14398	15800	14161	14080	14326	17081	12532	14305	14468	18936	Senegal
15	Animal or vegetable fats and oils and their cleavage products; prepared edible fats; animal ...	39272	67920	93848	34243	43131	51129	83016	35232	39016	62082	79929	17102	Senegal
69	Ceramic products	78	292	250	202	266	552	459	240	200	322	404	13541	Senegal
38	Miscellaneous chemical products	5671	10710	13715	14647	17077	12934	12148	17295	14447	13920	15752	12841	Senegal
20	Preparations of vegetables, fruit, nuts or other parts of plants	2865	1424	1507	7309	8269	5486	10297	8400	13910	9897	12137	11745	Senegal
52	Cotton	14158	21012	24330	21601	23575	22544	15503	14824	11512	13200	12007	10136	Senegal
04	Dairy produce; birds' eggs; natural honey; edible products of animal origin, not elsewhere ...	12859	14298	20960	23683	41004	16806	13924	8418	6785	9395	5903	9873	Senegal
64	Footwear, gaiters and the like; parts of such articles	3517	3591	1981	1483	1743	2944	3535	2427	2757	5069	5747	9452	Senegal
29	Organic chemicals	2465	3679	4742	4207	3791	4677	3943	4359	4683	7271	6656	7731	Senegal
23	Residues and waste from the food industries; prepared animal fodder	7537	9006	13909	3526	12097	14581	12187	6272	4910	8147	7534	7608	Senegal
78	Lead and articles thereof	0	1003	5043	5632	6471	6510	3121	5712	7778	7194	7954	7326	Senegal
40	Rubber and articles thereof	1996	1682	2706	3474	3484	3037	4779	4328	5742	7388	5845	6744	Senegal
74	Copper and articles thereof	8087	8121	11012	11915	21814	20387	15874	11106	10435	6880	7400	6679	Senegal
18	Cocoa and cocoa preparations	2310	2426	7295	4728	5248	5949	5530	7285	7670	8368	7843	6638	Senegal
44	Wood and articles of wood; wood charcoal	1869	3054	5537	6795	6071	5363	5281	6526	7579	7954	5684	6246	Senegal
94	Furniture; bedding, mattresses, mattress supports, cushions and similar stuffed furnishings; ...	1904	3431	3264	4875	5954	3545	3221	8066	4699	3754	5115	6197	Senegal
11	Products of the milling industry; malt; starches; inulin; wheat gluten	3986	6006	5391	7390	7014	6984	9191	6304	5313	7008	5186	5872	Senegal
17	Sugars and sugar confectionery	1894	2113	4786	3027	2423	3374	3298	4048	8036	13540	6705	5348	Senegal
41	Raw hides and skins (other than furskins) and leather	3408	2723	6620	15919	27943	28107	18349	12300	14058	13835	6706	4629	Senegal
63	Other made-up textile articles; sets; worn clothing and worn textile articles; rags	11964	5898	6642	7122	5826	9765	2841	3084	2855	3345	3600	3706	Senegal
56	Wadding, felt and nonwovens; special yarns; twine, cordage, ropes and cables and articles thereof	59	159	145	133	1416	2005	2462	2195	1949	3027	2910	3705	Senegal
88	Aircraft, spacecraft, and parts thereof	80227	863	845	8483	1809	827	1890	777	603	15845	3297	3607	Senegal
30	Pharmaceutical products	13334	10466	11257	13046	11801	13774	10943	20501	9218	11546	8163	3187	Senegal
46	Manufactures of straw, of esparto or of other plaiting materials; basketware and wickerwork	2804	3330	2295	2904	4956	4258	4112	4046	5195	4053	3839	3169	Senegal
13	Lac; gums, resins and other vegetable saps and extracts	1523	1703	3441	3192	3639	3011	2567	2320	2651	1705	1218	2546	Senegal
62	Articles of apparel and clothing accessories, not knitted or crocheted	582	505	395	284	450	2795	676	600	882	262	358	2488	Senegal
82	Tools, implements, cutlery, spoons and forks, of base metal; parts thereof of base metal	947	912	1049	10551	1385	1412	5955	8852	8260	5240	1145	2406	Senegal
81	Other base metals; cermets; articles thereof	0	0	0	26	21	168	9	14	122	283	95	2336	Senegal
09	Coffee, tea, maté and spices	76	125	473	1031	2838	5774	3681	1447	1831	4300	2030	2322	Senegal
54	Man-made filaments; strip and the like of man-made textile materials	1496	698	839	767	1172	1754	1460	663	1280	1802	1675	2047	Senegal
70	Glass and glassware	1275	2084	2390	2408	2029	3003	2475	2439	1677	1991	1871	1898	Senegal
76	Aluminium and articles thereof	4787	4178	4850	2782	6305	5924	5118	2749	3855	3213	2317	1688	Senegal
90	Optical, photographic, cinematographic, measuring, checking, precision, medical or surgical ...	3180	2105	1835	1280	785	1210	1383	1384	1910	2095	1355	1313	Senegal
96	Miscellaneous manufactured articles	986	668	550	420	441	572	439	673	555	518	708	1246	Senegal
32	Tanning or dyeing extracts; tannins and their derivatives; dyes, pigments and other colouring ...	2928	2665	1448	2266	1462	2447	1849	1799	1382	1458	1558	937	Senegal
49	Printed books, newspapers, pictures and other products of the printing industry; manuscripts, ...	1676	898	1430	1063	1150	1235	1631	2042	1033	1465	1769	900	Senegal
06	Live trees and other plants; bulbs, roots and the like; cut flowers and ornamental foliage	138	393	674	584	2825	1299	245	797	484	886	696	847	Senegal
35	Albuminoidal substances; modified starches; glues; enzymes	1928	2029	1543	1460	1942	1033	842	840	555	530	646	711	Senegal
86	Railway or tramway locomotives, rolling stock and parts thereof; railway or tramway track fixtures ...	230	136	218	3749	2233	952	1086	510	3328	357	1677	689	Senegal
61	Articles of apparel and clothing accessories, knitted or crocheted	294	161	391	229	217	334	307	299	289	177	283	658	Senegal
97	Works of art, collectors' pieces and antiques	1386	1523	2214	1143	1145	2281	849	821	2913	733	1772	476	Senegal
93	Arms and ammunition; parts and accessories thereof	953	1752	637	683	1321	1555	126	829	285	1446	3	324	Senegal
83	Miscellaneous articles of base metal	191	281	355	492	570	315	101	80	275	433	343	295	Senegal
36	Explosives; pyrotechnic products; matches; pyrophoric alloys; certain combustible preparations	338	943	2591	2061	512	1226	938	262	836	1679	1053	295	Senegal
68	Articles of stone, plaster, cement, asbestos, mica or similar materials	2005	1727	534	149	49	165	381	358	512	313	370	267	Senegal
01	Live animals	506	272	159	228	371	220	252	345	340	174	187	254	Senegal
02	Meat and edible meat offal	704	634	532	268	1061	448	142	386	1288	2528	1803	221	Senegal
05	Products of animal origin, not elsewhere specified or included	167	123	298	298	124	234	96	256	169	59	105	209	Senegal
95	Toys, games and sports requisites; parts and accessories thereof	203	122	333	26	62	132	95	216	71	53	100	90	Senegal
65	Headgear and parts thereof	38	28	22	73	227	720	11	279	161	57	5	77	Senegal
42	Articles of leather; saddlery and harness; travel goods, handbags and similar containers; articles ...	224	191	197	217	308	286	183	171	194	94	73	68	Senegal
57	Carpets and other textile floor coverings	2	29	39	14	10	45	9	49	29	27	17	64	Senegal
91	Clocks and watches and parts thereof	113	76	132	138	187	110	61	47	1294	9	374	49	Senegal
92	Musical instruments; parts and accessories of such articles	114	122	102	51	84	142	99	54	116	176	58	35	Senegal
47	Pulp of wood or of other fibrous cellulosic material; recovered (waste and scrap) paper or ...	0	0	0	0	2	0	177	24	60	74	201	31	Senegal
14	Vegetable plaiting materials; vegetable products not elsewhere specified or included	13	0	6	7	3	11	77	19	55	35	42	31	Senegal
58	Special woven fabrics; tufted textile fabrics; lace; tapestries; trimmings; embroidery	1	16	8	6	6	10	2	52	23	0	28	25	Senegal
66	Umbrellas, sun umbrellas, walking sticks, seat-sticks, whips, riding-crops and parts thereof	58	0	10	7	0	30	0	1	0	2	3	3	Senegal
59	Impregnated, coated, covered or laminated textile fabrics; textile articles of a kind suitable ...	15	26	6	5	244	13	5	45	6	5	0	1	Senegal
60	Knitted or crocheted fabrics	0	0	0	3	10	0	0	0	0	0	3	0	Senegal
75	Nickel and articles thereof	55	0	0	0	0	0	64	5	98	0	3	0	Senegal
45	Cork and articles of cork	0	5	0	0	0	0	0	0	0	0	0	0	Senegal
43	Furskins and artificial fur; manufactures thereof	0	0	0	0	0	0	3	0	0	0	1	0	Senegal
50	Silk	0	0	0	0	1	0	10	0	1	0	0	0	Senegal
51	Wool, fine or coarse animal hair; horsehair yarn and woven fabric	0	0	1	0	30	0	0	19	15	0	0	0	Senegal
53	Other vegetable textile fibres; paper yarn and woven fabrics of paper yarn	87	0	0	0	0	0	1	0	0	31	69	0	Senegal
37	Photographic or cinematographic goods	1	38	10	2	19	0	7	1	4	0	1	0	Senegal
79	Zinc and articles thereof	36	33	97	134	90	127	35	0	55	0	9	0	Senegal
80	Tin and articles thereof	4	0	21	0	5	7	19	0	413	162	0	0	Senegal
TOTAL	All products	102142613	113883219	134906869	152461737	161480915	166504862	143844066	142606247	156992940	167923862	180870841	169657940	Turkey
87	Vehicles other than railway or tramway rolling stock, and parts and accessories thereof	12251734	13812677	15803438	15148114	17597373	18788121	17462623	19804384	23940852	26758524	26901683	22098148	Turkey
84	Machinery, mechanical appliances, nuclear reactors, boilers; parts thereof	8132787	9413411	11560990	11999300	14253875	14969266	12333493	12405009	13825494	15827680	17763898	16797839	Turkey
85	Electrical machinery and equipment and parts thereof; sound recorders and reproducers, television ...	6630701	7530130	8874013	9373078	10638897	10870623	8278952	7778954	8089893	8722854	9749875	9307365	Turkey
72	Iron and steel	7641010	8740067	11225329	11332482	9785707	9118083	6556742	6187046	8230403	11546435	10020302	8803211	Turkey
61	Articles of apparel and clothing accessories, knitted or crocheted	6925548	7731212	8385636	8418618	9362240	10127967	8927259	8855609	8840031	9043113	9206940	8387723	Turkey
39	Plastics and articles thereof	3093759	3716596	4580258	5012899	5769370	6277203	5358692	5027828	5474292	6042982	6805351	6971354	Turkey
71	Natural or cultured pearls, precious or semi-precious stones, precious metals, metals clad ...	5929025	3747222	3738763	16325215	7002594	7721879	11263502	12176573	10879244	7172319	7332841	6693436	Turkey
62	Articles of apparel and clothing accessories, not knitted or crocheted	4294831	4636123	5124460	5431268	6045828	6601176	5916617	5928894	5947844	6262454	6873999	6600585	Turkey
73	Articles of iron or steel	4545275	4850216	5748004	6093117	6290220	6447763	5465543	4967680	5598990	6533980	6689776	6363349	Turkey
08	Edible fruit and nuts; peel of citrus fruit or melons	3001898	3490879	3908880	3806416	4243759	4730483	4355444	3873872	3940007	3960605	4589918	4830425	Turkey
27	Mineral fuels, mineral oils and products of their distillation; bituminous substances; mineral ...	3921300	4469479	6539030	7708169	10117704	7500274	4518438	3207084	4327175	4411992	8449156	4715233	Turkey
94	Furniture; bedding, mattresses, mattress supports, cushions and similar stuffed furnishings; ...	1588862	1786405	2110174	2420661	2929315	3055601	2753346	2658941	2760343	3130600	3868865	3897049	Turkey
76	Aluminium and articles thereof	1399411	1916086	2285695	2251943	2383670	2636431	2370075	2238041	2512216	2995017	3116848	3060897	Turkey
25	Salt; sulphur; earths and stone; plastering materials, lime and cement	2164536	2509673	2465459	2480760	2738910	2556822	2252817	2191663	2572445	2616458	2784656	2801317	Turkey
40	Rubber and articles thereof	1468685	1895911	2593022	2424868	2535760	2670627	2165526	2203163	2494294	2822288	2905436	2656179	Turkey
57	Carpets and other textile floor coverings	1075386	1266828	1601798	1997286	2196705	2362678	2009356	1913135	2161753	2264274	2553899	2621045	Turkey
63	Other made-up textile articles; sets; worn clothing and worn textile articles; rags	1647817	1838582	2138565	1903514	2462588	2530247	1899404	1954767	2016726	2052497	2114705	2521487	Turkey
20	Preparations of vegetables, fruit, nuts or other parts of plants	1276305	1491356	1653520	1722134	1889699	2181170	2187068	1848571	1880096	1907840	2088314	2364552	Turkey
19	Preparations of cereals, flour, starch or milk; pastrycooks' products	678128	804479	1037190	1234702	1551287	1666164	1505559	1500914	1618271	1740265	1911098	2079037	Turkey
30	Pharmaceutical products	429061	558172	566797	661783	981587	1038515	878147	827082	875310	1172518	1430427	1826051	Turkey
48	Paper and paperboard; articles of paper pulp, of paper or of paperboard	1004769	1216836	1427254	1033095	1128334	1185312	1185514	1354573	1520374	1715786	1785426	1725418	Turkey
28	Inorganic chemicals; organic or inorganic compounds of precious metals, of rare-earth metals, ...	611669	930672	1216057	1266598	1202388	1337665	1248975	1087267	1316750	1847525	1876748	1648229	Turkey
74	Copper and articles thereof	597029	1063476	1391376	1384008	1421766	1349718	1169193	1114867	1441589	1793304	1524530	1581015	Turkey
60	Knitted or crocheted fabrics	978721	1265851	1482848	1560629	1683447	1701703	1440792	1498807	1553176	1535450	1546423	1510372	Turkey
68	Articles of stone, plaster, cement, asbestos, mica or similar materials	919023	1028277	1119838	1223766	1376588	1429773	1265455	1172111	1204075	1294704	1421935	1474613	Turkey
89	Ships, boats and floating structures	1826247	1108614	1271173	812835	1232867	1521445	996784	970379	1308252	917964	1225417	1473601	Turkey
52	Cotton	1278472	1449154	1922073	1785532	1969225	1933573	1703163	1720259	1717488	1826831	1732443	1463452	Turkey
07	Edible vegetables and certain roots and tubers	1020546	1107483	1070414	966063	1202384	1337173	1040415	942266	1001925	1085781	1271391	1434771	Turkey
15	Animal or vegetable fats and oils and their cleavage products; prepared edible fats; animal ...	511000	458236	1026173	1200983	1472716	1209865	994364	1045378	1033987	993404	1009156	1386489	Turkey
26	Ores, slag and ash	702169	1296437	1254682	1391576	1779830	1399033	1000959	929569	1397824	1325481	1229509	1384359	Turkey
54	Man-made filaments; strip and the like of man-made textile materials	1075024	1249851	1446859	1478091	1671701	1742893	1564127	1487190	1539114	1614077	1520882	1333523	Turkey
90	Optical, photographic, cinematographic, measuring, checking, precision, medical or surgical ...	331465	367134	448032	554929	852102	926969	724800	709485	809042	864645	1182722	1317769	Turkey
69	Ceramic products	675845	787063	882715	954301	1004692	1025223	875405	885159	969798	1079015	1166848	1247543	Turkey
11	Products of the milling industry; malt; starches; inulin; wheat gluten	665317	720213	1098380	1020558	1115721	1130687	1176203	1283235	1253547	1235094	1309671	1187771	Turkey
55	Man-made staple fibres	948939	1120571	1334818	1378287	1357187	1416989	1347765	1317138	1428745	1515060	1367602	1179049	Turkey
38	Miscellaneous chemical products	320298	399775	451639	496882	625988	597604	546394	562845	576320	685960	764666	1157492	Turkey
34	Soap, organic surface-active agents, washing preparations, lubricating preparations, artificial ...	647727	678101	767737	854429	947247	1048933	868140	759429	779818	803846	871131	1124841	Turkey
70	Glass and glassware	838628	903293	977705	955747	990533	1067728	1042242	953816	915857	966446	1097565	1052364	Turkey
03	Fish and crustaceans, molluscs and other aquatic invertebrates	318056	312928	395312	413747	523970	634283	647486	744680	797256	879590	976386	1014566	Turkey
83	Miscellaneous articles of base metal	504462	580920	695621	735081	832462	954277	761380	764423	836890	925418	950127	984537	Turkey
44	Wood and articles of wood; wood charcoal	510031	573203	652927	657954	715623	839070	692753	675924	762888	826635	874894	977025	Turkey
56	Wadding, felt and nonwovens; special yarns; twine, cordage, ropes and cables and articles thereof	227952	302555	406620	476730	515013	579283	570199	612604	646903	792574	814991	955758	Turkey
33	Essential oils and resinoids; perfumery, cosmetic or toilet preparations	418311	492007	558717	621208	806223	870720	695270	696446	762425	782920	928759	953269	Turkey
24	Tobacco and manufactured tobacco substitutes	757499	697027	670625	842432	1064952	1365170	918492	1006379	946199	1009621	909792	909214	Turkey
96	Miscellaneous manufactured articles	109467	118355	128444	796447	996172	1096318	970862	864344	872534	902366	933444	902163	Turkey
88	Aircraft, spacecraft, and parts thereof	285910	294359	343630	500686	778702	780742	688755	717532	1534418	917888	1197033	900428	Turkey
32	Tanning or dyeing extracts; tannins and their derivatives; dyes, pigments and other colouring ...	428770	532435	611672	701241	769357	784101	680874	641219	689309	792323	869353	891226	Turkey
64	Footwear, gaiters and the like; parts of such articles	289473	395624	441247	545923	747941	741312	670432	704374	765970	887627	958454	829448	Turkey
21	Miscellaneous edible preparations	541313	554692	715533	717680	820515	841722	695253	687189	687002	743228	763861	809339	Turkey
17	Sugars and sugar confectionery	294188	387421	474168	504689	634234	692235	557029	527767	585950	599941	641209	670795	Turkey
18	Cocoa and cocoa preparations	371683	430928	509920	550006	615985	642274	555704	476482	523155	601123	665890	653018	Turkey
93	Arms and ammunition; parts and accessories thereof	135699	187625	238017	335990	434322	513538	440855	416765	298247	301753	402891	652616	Turkey
04	Dairy produce; birds' eggs; natural honey; edible products of animal origin, not elsewhere ...	249877	303466	484057	545560	674139	755972	532707	592843	702199	747216	686689	612868	Turkey
29	Organic chemicals	347698	520499	545361	646889	676736	578297	473941	473413	657361	632111	652734	602028	Turkey
02	Meat and edible meat offal	154896	208012	390255	532489	727255	830060	444448	370877	542827	584596	639752	569938	Turkey
12	Oil seeds and oleaginous fruits; miscellaneous grains, seeds and fruit; industrial or medicinal ...	154652	182887	229737	238304	347230	364158	199972	373970	284741	332176	527647	446384	Turkey
23	Residues and waste from the food industries; prepared animal fodder	65867	27335	50980	131101	287188	271360	110588	129189	186824	238984	404814	415414	Turkey
99	Commodities not elsewhere specified	273935	166511	206394	148270	300049	556139	339131	372417	413825	303424	338946	394622	Turkey
58	Special woven fabrics; tufted textile fabrics; lace; tapestries; trimmings; embroidery	439158	479465	528843	548909	608780	592399	479873	485183	479262	454828	416822	378753	Turkey
31	Fertilisers	83679	205484	200598	147397	160201	259478	134435	146818	163173	251400	346290	375614	Turkey
22	Beverages, spirits and vinegar	180748	229518	258721	285734	314109	356303	315153	290645	320180	352573	362150	338347	Turkey
10	Cereals	204618	349247	110113	170358	320929	313392	108660	102770	109510	102890	345165	289970	Turkey
42	Articles of leather; saddlery and harness; travel goods, handbags and similar containers; articles ...	349507	370852	419895	410372	436777	445047	323480	294807	303105	322938	351246	284832	Turkey
09	Coffee, tea, maté and spices	97416	103447	110495	118694	185149	205283	168481	196162	178338	180685	211864	257132	Turkey
59	Impregnated, coated, covered or laminated textile fabrics; textile articles of a kind suitable ...	249996	286664	352834	299011	334309	337307	302988	293487	298905	314815	297718	256572	Turkey
82	Tools, implements, cutlery, spoons and forks, of base metal; parts thereof of base metal	115286	158685	179685	179016	227800	270758	246746	213941	243589	243869	269683	255321	Turkey
35	Albuminoidal substances; modified starches; glues; enzymes	75112	94365	135571	183444	199079	184282	175529	182491	196389	191862	235358	250994	Turkey
41	Raw hides and skins (other than furskins) and leather	93631	115731	138608	161317	222401	243893	181134	184224	210014	210200	234100	155984	Turkey
81	Other base metals; cermets; articles thereof	4866	8262	13332	14136	38745	58913	8118	11465	23249	25932	101397	147510	Turkey
86	Railway or tramway locomotives, rolling stock and parts thereof; railway or tramway track fixtures ...	86099	16841	115181	127016	96614	74755	94904	50735	85304	79145	142993	145736	Turkey
49	Printed books, newspapers, pictures and other products of the printing industry; manuscripts, ...	84745	84248	89759	88778	95301	96447	87160	75075	79935	99766	124183	132344	Turkey
95	Toys, games and sports requisites; parts and accessories thereof	52004	65858	81281	98430	121643	136660	117717	107902	125131	138999	148547	128870	Turkey
16	Preparations of meat, of fish or of crustaceans, molluscs or other aquatic invertebrates	39998	55773	65446	74530	99604	111035	83176	74195	109439	130772	128166	128266	Turkey
75	Nickel and articles thereof	6035	11039	9678	25849	26763	21263	12007	23909	45763	75326	77668	107345	Turkey
06	Live trees and other plants; bulbs, roots and the like; cut flowers and ornamental foliage	48613	56053	75957	73028	78117	83498	77429	81613	85512	99296	107440	106768	Turkey
43	Furskins and artificial fur; manufactures thereof	104878	174587	261903	273937	290219	242131	136686	123751	155902	173949	161772	101824	Turkey
01	Live animals	24366	7322	6215	8142	13464	26720	34473	27974	34673	57966	84612	83406	Turkey
05	Products of animal origin, not elsewhere specified or included	31531	33747	45899	56835	64096	74503	54238	50643	54639	59963	67631	79219	Turkey
51	Wool, fine or coarse animal hair; horsehair yarn and woven fabric	152938	173219	204156	195288	189398	187669	154497	122161	149078	154080	94048	68043	Turkey
47	Pulp of wood or of other fibrous cellulosic material; recovered (waste and scrap) paper or ...	5745	14612	27798	8478	29614	35219	24259	23991	21826	32568	57850	60712	Turkey
65	Headgear and parts thereof	11524	14303	16960	21169	26855	34425	31092	31584	37764	40718	42340	53137	Turkey
53	Other vegetable textile fibres; paper yarn and woven fabrics of paper yarn	18561	21755	24796	23733	25914	24415	22131	29493	32383	44498	48717	45138	Turkey
91	Clocks and watches and parts thereof	14657	20293	18938	20983	24576	35881	34915	34194	45886	52957	44970	34635	Turkey
78	Lead and articles thereof	4596	6411	7662	9730	14923	15826	18738	26827	25718	22092	29517	29271	Turkey
13	Lac; gums, resins and other vegetable saps and extracts	1525	4683	6636	8403	10607	9783	9107	10283	12003	16387	19122	28925	Turkey
36	Explosives; pyrotechnic products; matches; pyrophoric alloys; certain combustible preparations	11952	15581	18306	23575	33754	37889	30264	27101	24543	18570	27044	23003	Turkey
37	Photographic or cinematographic goods	11298	14043	17646	25437	33925	24274	12523	11480	13682	11510	19650	14279	Turkey
14	Vegetable plaiting materials; vegetable products not elsewhere specified or included	11134	23340	32852	28417	20765	13226	17778	17742	20381	13419	13239	13390	Turkey
97	Works of art, collectors' pieces and antiques	2054	2956	4599	2038	15127	4007	4135	7711	9229	19675	14123	10948	Turkey
92	Musical instruments; parts and accessories of such articles	8024	8749	9094	9411	9415	10207	9166	9561	9484	11302	11158	10858	Turkey
50	Silk	4077	3700	3538	3017	3421	2755	2626	2441	3376	2661	3157	9094	Turkey
66	Umbrellas, sun umbrellas, walking sticks, seat-sticks, whips, riding-crops and parts thereof	10487	11261	12420	7249	5346	5278	4535	5233	5381	6646	7421	7596	Turkey
80	Tin and articles thereof	520	2302	2163	1198	1479	1251	1158	1970	1748	2104	7060	7375	Turkey
79	Zinc and articles thereof	10846	11410	16812	18549	17599	18906	22620	25257	23786	15921	10946	7153	Turkey
67	Prepared feathers and down and articles made of feathers or of down; artificial flowers; articles ...	787	1135	1008	1619	2427	1860	2013	2765	2543	2900	3779	3214	Turkey
46	Manufactures of straw, of esparto or of other plaiting materials; basketware and wickerwork	462	619	725	936	1140	2627	4022	6412	1201	1466	1525	1954	Turkey
45	Cork and articles of cork	452	330	715	512	661	887	679	436	634	636	648	802	Turkey
TOTAL	All products	1056712100	1278099187	1481682200	1544932000	1577587300	1619742900	1503328350	1451459684	1547195403	1665688484	1642820352	1424934919	USA
84	Machinery, mechanical appliances, nuclear reactors, boilers; parts thereof	153167236	182902861	205826160	215180488	213482188	219766259	206322326	190945121	202065162	213370247	206126759	182709808	USA
85	Electrical machinery and equipment and parts thereof; sound recorders and reproducers, television ...	124872442	151776704	159468543	162434694	165841746	172368327	170010927	166964105	174505226	176508425	173001469	162785012	USA
27	Mineral fuels, mineral oils and products of their distillation; bituminous substances; mineral ...	54936720	81692032	130566668	137332529	148872444	155608248	104781536	94005494	139571912	192249974	199543997	151164069	USA
87	Vehicles other than railway or tramway rolling stock, and parts and accessories thereof	73601862	99148693	120011781	133078053	134084552	135972388	127366637	124702177	130406682	130678694	133834668	105560729	USA
90	Optical, photographic, cinematographic, measuring, checking, precision, medical or surgical ...	65076438	73960067	79383779	83367062	84353330	84966350	83433294	82016451	83639334	89651535	90828117	83222109	USA
88	Aircraft, spacecraft, and parts thereof	82957527	79617923	87757246	104440080	114898028	125186257	131661791	134742238	131120839	139442044	136519380	81293548	USA
39	Plastics and articles thereof	42795066	53625263	58743605	59006434	60980811	63037374	60347504	58628345	61907709	66561665	65004106	60205864	USA
71	Natural or cultured pearls, precious or semi-precious stones, precious metals, metals clad ...	38414676	51742636	71785843	72106219	71641926	64089621	58743797	57780402	60268348	63804887	59700321	59817926	USA
30	Pharmaceutical products	40668566	40788230	38341461	40129283	39708541	43995520	47094047	46828627	44936422	48422459	53154570	53749642	USA
99	Commodities not elsewhere specified	30750044	40373872	39377993	40638745	42135938	43237139	41444087	40131229	42447656	46181163	46707299	40973897	USA
29	Organic chemicals	30796713	40928207	45682440	46079295	46600465	42340487	38703088	33956461	36278625	40242211	38889529	33567334	USA
38	Miscellaneous chemical products	18126581	21197593	23881042	25327714	27028664	27259322	25916666	25317150	27678240	30305676	30635625	31256429	USA
12	Oil seeds and oleaginous fruits; miscellaneous grains, seeds and fruit; industrial or medicinal ...	19558426	21959179	21231784	29688507	26955339	28862025	23599315	27718131	26387756	22411370	23906961	30833296	USA
10	Cereals	17419347	20036820	28347941	20616227	20300976	22850742	18816091	18938198	18613044	21021758	16923853	19338911	USA
02	Meat and edible meat offal	10566930	12051903	15357261	16096227	16276932	17570517	14288343	14657760	16398642	17266108	17662209	18147642	USA
73	Articles of iron or steel	13797469	16197384	18519857	21154320	22056098	22628933	19636378	17517569	18440969	19261452	18701069	16026527	USA
08	Edible fruit and nuts; peel of citrus fruit or melons	8708545	10142479	11767712	13263744	14533192	14858265	14458787	14054421	14880593	14697875	15083773	14303253	USA
48	Paper and paperboard; articles of paper pulp, of paper or of paperboard	13674318	15784737	16945425	16057949	16400341	16337334	15696614	14864640	15766059	16397732	15062227	13794697	USA
33	Essential oils and resinoids; perfumery, cosmetic or toilet preparations	8087629	9094029	9633633	10452105	11133099	11551622	11807215	12049254	12954788	13614181	13837081	12345177	USA
72	Iron and steel	15399594	19825320	25361376	22838006	19681569	18565400	14545580	12871594	16105430	16488846	14347291	12299160	USA
40	Rubber and articles thereof	9607179	12121181	14889441	15724935	14789369	14923993	13617991	12595899	13438262	13983607	13226693	11191664	USA
28	Inorganic chemicals; organic or inorganic compounds of precious metals, of rare-earth metals, ...	10963755	12853530	15295629	13658258	12435825	12665078	12364685	11314401	12389990	12476050	11449253	11039947	USA
23	Residues and waste from the food industries; prepared animal fodder	7165913	8332980	8550403	9908645	11780243	11957905	11262749	9892612	9567869	11124889	10371685	10906826	USA
76	Aluminium and articles thereof	8362993	10625016	12975642	12783556	13053200	12736128	12046082	12237317	11588064	12583681	10933314	9380978	USA
21	Miscellaneous edible preparations	4994052	5535698	6253897	7118792	8006721	8344424	8242835	8634511	8508502	8919847	9420239	9313172	USA
94	Furniture; bedding, mattresses, mattress supports, cushions and similar stuffed furnishings; ...	7001328	8591937	9552824	10622790	11103952	11843287	11555749	11017358	10811435	10835329	10245746	8512601	USA
97	Works of art, collectors' pieces and antiques	6498403	6452107	6909174	7387629	7698714	10192997	11030598	11216594	11737081	14559304	12612384	8184377	USA
22	Beverages, spirits and vinegar	3601291	4712807	7814659	6887352	6951945	7626449	7554313	7709180	8297603	8678052	7973158	7732568	USA
44	Wood and articles of wood; wood charcoal	5451492	7076309	7914476	7890641	8963664	9745328	8928099	9022248	9776719	9868241	8323691	7654931	USA
47	Pulp of wood or of other fibrous cellulosic material; recovered (waste and scrap) paper or ...	6801433	8861532	10102766	9311759	8965490	8967772	8703927	8432311	8764657	9393011	8477960	7601602	USA
52	Cotton	4924276	7544221	11067177	8284412	7636779	6521498	5873289	5694143	7635204	8380758	7898906	6996960	USA
34	Soap, organic surface-active agents, washing preparations, lubricating preparations, artificial ...	5013115	5861893	6476646	6860866	7116871	7380187	7109247	6960402	7211063	7267569	6936268	6937720	USA
32	Tanning or dyeing extracts; tannins and their derivatives; dyes, pigments and other colouring ...	5739488	7629810	8826328	8161700	7825310	7966092	7591407	7440857	7858787	7990794	7525792	6752078	USA
26	Ores, slag and ash	3496874	5558831	7700074	7019870	7321029	8362920	6810950	5705531	6011334	6744243	7285187	6509311	USA
74	Copper and articles thereof	5053938	7886532	9654623	9695969	9120831	8664748	7073104	6314653	7183462	8414536	7306068	6452176	USA
04	Dairy produce; birds' eggs; natural honey; edible products of animal origin, not elsewhere ...	1948772	3223273	4113779	4252530	5770114	6164740	4448509	3904739	4476973	4615200	4955623	5417059	USA
95	Toys, games and sports requisites; parts and accessories thereof	6961581	6928635	7202434	7056864	6734939	6594989	6198684	6231103	6904695	6782532	6384570	5361272	USA
70	Glass and glassware	4144818	4996741	5338932	5295622	5602321	5780073	5785593	5762657	5829209	5801333	5545605	4952161	USA
07	Edible vegetables and certain roots and tubers	3400734	3784500	3939248	4044614	4404553	4511544	4362841	4690218	4785976	4503219	4685649	4839377	USA
20	Preparations of vegetables, fruit, nuts or other parts of plants	3499099	3778291	4404190	4750359	5071678	5193694	5425736	5058994	4990335	5076793	4970914	4502981	USA
83	Miscellaneous articles of base metal	3200935	3749441	4138513	4406693	4615521	4929546	4866546	4851178	4853280	5125209	5192088	4349361	USA
93	Arms and ammunition; parts and accessories thereof	3434293	3976384	3936050	4055539	4634801	4550285	5016842	5402536	5283053	5563611	5998415	4295586	USA
19	Preparations of cereals, flour, starch or milk; pastrycooks' products	2850693	3087156	3505309	3887706	4194044	4254565	4280822	4055684	4066085	4158344	4281040	4276457	USA
03	Fish and crustaceans, molluscs and other aquatic invertebrates	3527225	4028222	5082222	5024709	5134103	5256621	5088511	4968660	5393759	5253279	4883256	4010945	USA
82	Tools, implements, cutlery, spoons and forks, of base metal; parts thereof of base metal	3700672	4711937	5392655	5464842	5496735	5459301	4959029	4581990	4652258	4839775	4634822	3900865	USA
35	Albuminoidal substances; modified starches; glues; enzymes	2229118	2709811	2973428	3064813	3276554	3475743	3389982	3394711	3595321	3578267	3687303	3748888	USA
49	Printed books, newspapers, pictures and other products of the printing industry; manuscripts, ...	5462313	5758556	5747146	5700094	5580854	5218463	4861182	4565228	4455787	4335327	4236842	3667793	USA
15	Animal or vegetable fats and oils and their cleavage products; prepared edible fats; animal ...	3503768	4648763	4993033	4627662	3791208	3400967	3167653	3195651	3319106	3160658	3085712	3589233	USA
31	Fertilisers	4131895	4667398	6308950	5378725	5022082	4632289	4394047	3409460	3771414	4169719	4140708	3555681	USA
68	Articles of stone, plaster, cement, asbestos, mica or similar materials	2150643	2829961	3174045	3343968	3512027	3862985	3868871	3875365	3956286	4102462	4018531	3262585	USA
86	Railway or tramway locomotives, rolling stock and parts thereof; railway or tramway track fixtures ...	2221342	2502803	3269556	3848120	3875245	4043671	4183596	3466487	3188298	3373243	3495618	2716650	USA
81	Other base metals; cermets; articles thereof	1778282	2040800	2611946	2720941	2735841	2867798	2696709	2682297	2875847	3181701	3165879	2477678	USA
63	Other made-up textile articles; sets; worn clothing and worn textile articles; rags	1485474	1650142	1894217	1999850	2166122	2226059	2182300	2001634	2138086	2179217	2227602	2458741	USA
56	Wadding, felt and nonwovens; special yarns; twine, cordage, ropes and cables and articles thereof	1695251	2098668	2257364	2295696	2445354	2513067	2372908	2314225	2408880	2480128	2420202	2396432	USA
61	Articles of apparel and clothing accessories, knitted or crocheted	1952870	2169167	2332334	2448879	2645962	2730349	2736480	2611463	2685018	2905524	2965433	2317221	USA
96	Miscellaneous manufactured articles	1163317	1290443	1325913	2176675	2284384	2340067	2320164	2373333	2427964	2546412	2429393	2272530	USA
75	Nickel and articles thereof	1344510	1702240	2231076	2170240	2107338	2205911	2189425	1883751	2006842	2760988	3120255	2212008	USA
25	Salt; sulphur; earths and stone; plastering materials, lime and cement	1622744	2264617	2501860	2616724	2596576	2855832	2681143	2413274	2841252	3009483	2605769	2208187	USA
37	Photographic or cinematographic goods	2777800	2832930	2760977	2573655	2560816	2370759	2364628	2226495	2191916	2219659	2296087	2048010	USA
89	Ships, boats and floating structures	2041853	2629064	2602971	3533868	2677519	3400936	3132696	2342198	2164697	2604579	2370821	1998211	USA
16	Preparations of meat, of fish or of crustaceans, molluscs or other aquatic invertebrates	1525763	1658406	1859174	1965870	2227514	2408903	2298304	2160183	2162382	2186698	2067755	1961980	USA
59	Impregnated, coated, covered or laminated textile fabrics; textile articles of a kind suitable ...	1321848	1745419	1902259	2033215	2115499	2239066	2240474	2198983	2292292	2338029	2150373	1891663	USA
17	Sugars and sugar confectionery	1201243	1741252	2166356	2560100	2476821	2267758	1969469	1915557	2022363	2006370	1931061	1835352	USA
69	Ceramic products	1193217	1523913	1734983	1714202	1765422	1899719	1814240	1730277	1928869	2054613	2103967	1804631	USA
62	Articles of apparel and clothing accessories, not knitted or crocheted	1546496	1821094	2129572	2350755	2419502	2573466	2589333	2337995	2300241	2388531	2248265	1788656	USA
55	Man-made staple fibres	1852249	2257754	2635624	2632975	2741198	2710528	2463788	2239271	2164197	2279988	2212231	1784270	USA
18	Cocoa and cocoa preparations	1161575	1385233	1592860	1717001	1870355	2117070	1948838	2035011	1991055	1935862	1925616	1682692	USA
54	Man-made filaments; strip and the like of man-made textile materials	1189744	1570872	1740539	1754243	1775971	1878510	1789330	1717052	1776904	1765944	1712429	1291651	USA
42	Articles of leather; saddlery and harness; travel goods, handbags and similar containers; articles ...	1131887	1214459	1365039	1539722	1643903	1625095	1684509	1627375	1554022	1695703	1663369	1271399	USA
41	Raw hides and skins (other than furskins) and leather	1863363	2905252	3326712	3233356	3757799	3833706	3187981	2741014	2698190	2209737	1703728	1258251	USA
91	Clocks and watches and parts thereof	780169	918043	1134292	1253767	1230612	1327309	1316791	1250994	1407475	1550828	1658472	1253682	USA
05	Products of animal origin, not elsewhere specified or included	779465	741571	842574	894879	1024331	1236528	1131606	1013436	1150732	1301722	1302786	1149932	USA
64	Footwear, gaiters and the like; parts of such articles	945299	1105454	1290039	1332305	1391432	1455212	1463742	1367745	1432623	1562378	1637035	1136086	USA
24	Tobacco and manufactured tobacco substitutes	1697126	1671102	1695719	1657584	1909887	1805453	2077161	2297815	2179907	2324503	1804660	1047922	USA
09	Coffee, tea, maté and spices	740347	888103	1226518	1295237	1184438	1224983	1217254	1221148	1170105	1148588	1093721	1044968	USA
01	Live animals	796794	814890	1038251	1189530	1019525	944407	758215	783977	1006995	1105392	1027931	965955	USA
11	Products of the milling industry; malt; starches; inulin; wheat gluten	909199	830992	870423	955146	912462	936165	887782	877917	912438	915837	949831	965204	USA
57	Carpets and other textile floor coverings	857872	1006281	1077287	1105466	1125050	1118767	1031985	974400	999212	977845	910870	773428	USA
92	Musical instruments; parts and accessories of such articles	688569	707512	815051	858184	829012	822357	774629	763767	720836	749123	793320	688066	USA
60	Knitted or crocheted fabrics	910922	1062235	1059613	1032260	1075511	1058753	1060797	959751	882424	869481	824870	657142	USA
36	Explosives; pyrotechnic products; matches; pyrophoric alloys; certain combustible preparations	640073	804463	812260	874116	840544	864155	865327	821377	785015	761116	760334	603976	USA
13	Lac; gums, resins and other vegetable saps and extracts	513928	566017	602083	743281	619079	605390	573087	556020	562105	690375	666062	603857	USA
06	Live trees and other plants; bulbs, roots and the like; cut flowers and ornamental foliage	405437	416043	423746	400532	417632	421387	411240	427109	447219	460120	457315	429310	USA
58	Special woven fabrics; tufted textile fabrics; lace; tapestries; trimmings; embroidery	473812	526853	509007	494488	485604	502314	493206	464672	492175	504062	467552	337912	USA
65	Headgear and parts thereof	179441	200429	232940	272702	263825	272910	293750	326155	301271	329219	330336	296624	USA
79	Zinc and articles thereof	186392	289233	323616	395246	322859	443107	348224	505626	451697	424700	363970	264849	USA
43	Furskins and artificial fur; manufactures thereof	207396	289218	423007	614271	702472	583208	533543	373959	287003	200084	144956	158671	USA
78	Lead and articles thereof	242746	186821	179812	154787	189230	207649	158348	126688	168756	291483	148508	151372	USA
80	Tin and articles thereof	129004	222217	243649	197527	189957	207600	157289	155619	149446	150824	162074	144684	USA
67	Prepared feathers and down and articles made of feathers or of down; artificial flowers; articles ...	81292	88391	102704	111383	120831	128422	138397	141953	152716	161185	149505	118227	USA
51	Wool, fine or coarse animal hair; horsehair yarn and woven fabric	83494	87681	84842	84303	99710	83033	86070	66766	75173	76218	60193	45452	USA
66	Umbrellas, sun umbrellas, walking sticks, seat-sticks, whips, riding-crops and parts thereof	18799	22538	30253	31807	29477	32224	33409	32644	38286	36872	39324	33895	USA
14	Vegetable plaiting materials; vegetable products not elsewhere specified or included	60682	168397	97830	48826	55649	32155	31891	29366	39411	38468	27034	28898	USA
53	Other vegetable textile fibres; paper yarn and woven fabrics of paper yarn	21185	23544	19079	17114	16786	20049	22375	19429	20101	19836	17793	21963	USA
46	Manufactures of straw, of esparto or of other plaiting materials; basketware and wickerwork	27688	23094	21324	23597	22121	21161	18407	16620	18161	20502	17668	20525	USA
45	Cork and articles of cork	40284	37806	36098	31126	28936	30571	30963	31491	24696	23407	23248	19464	USA
50	Silk	25620	26349	23611	16867	13485	12584	12641	9808	13097	7962	7405	4457	USA
