Code	Product label	Imported value in 2009	Imported value in 2010	Imported value in 2011	Imported value in 2012	Imported value in 2013	Imported value in 2014	Imported value in 2015	Imported value in 2016	Imported value in 2017	Imported value in 2018	Imported value in 2019	Imported value in 2020	Importer
TOTAL	All products	38786162	56792378	73960656	67973972	74441745	65735988	59786946	55609530	66702809	65482814	49125030	42355637	Argentina
84	Machinery, mechanical appliances, nuclear reactors, boilers; parts thereof	6085858	8539868	11050169	9868233	10356592	9657600	9213896	8335145	9930439	9487003	7578351	6375093	Argentina
85	Electrical machinery and equipment and parts thereof; sound recorders and reproducers, television ...	4972348	6979636	8315517	7664713	8451481	7300324	7714443	7076532	8624561	7855868	6434700	4769813	Argentina
87	Vehicles other than railway or tramway rolling stock, and parts and accessories thereof	5778354	10125006	12879867	11995298	14359483	8778886	8313033	9637606	13194644	10993676	5632126	4613819	Argentina
27	Mineral fuels, mineral oils and products of their distillation; bituminous substances; mineral ...	2436372	4479355	9402076	8736468	12017157	10879872	6571728	4535640	5456715	6297316	4190206	2566142	Argentina
29	Organic chemicals	2030364	2660126	3088777	3032375	3043366	3018905	2755540	2263864	2329844	2438265	2370092	2539675	Argentina
30	Pharmaceutical products	1207919	1565562	1790422	2087550	2137987	2148944	2400241	2157321	2380900	2374070	2089587	2143936	Argentina
39	Plastics and articles thereof	1750113	2427939	3033556	2837762	2786593	2580925	2615039	2219387	2383933	2383467	2115251	2108606	Argentina
12	Oil seeds and oleaginous fruits; miscellaneous grains, seeds and fruit; industrial or medicinal ...	421427	83127	86128	75459	77145	76453	76747	400363	787697	2595044	1676620	2068632	Argentina
38	Miscellaneous chemical products	810678	1185107	1475169	1495449	1577371	1547186	1379250	1259311	1448024	1346568	1331260	1260813	Argentina
90	Optical, photographic, cinematographic, measuring, checking, precision, medical or surgical ...	927661	1227289	1637419	1611846	1661770	1621256	1791465	1586456	1793301	1720704	1386807	1182940	Argentina
31	Fertilisers	335140	940207	1441790	965733	853063	846561	581843	771468	729056	1114938	1052418	1117680	Argentina
40	Rubber and articles thereof	705424	1182766	1493789	1280501	1420315	1174105	1026951	967011	1100253	1011710	853226	741385	Argentina
48	Paper and paperboard; articles of paper pulp, of paper or of paperboard	742204	1010232	1200315	1041773	1025475	924343	963170	823235	827231	797963	701085	682330	Argentina
72	Iron and steel	724653	1422614	1547116	1383044	1161291	1011716	1086682	656048	1264337	1111829	699377	649349	Argentina
73	Articles of iron or steel	913065	874833	1194523	1135724	1051250	1047706	1034068	777457	935831	978496	928715	611259	Argentina
28	Inorganic chemicals; organic or inorganic compounds of precious metals, of rare-earth metals, ...	594711	750869	846539	779647	752664	740464	759769	625129	654639	876057	727602	566736	Argentina
99	Commodities not elsewhere specified	287785	398036	623137	676092	652334	707439	541614	413662	556486	597443	583518	453431	Argentina
33	Essential oils and resinoids; perfumery, cosmetic or toilet preparations	389455	459867	536830	535380	574722	467521	465046	480784	507603	532533	428936	392270	Argentina
32	Tanning or dyeing extracts; tannins and their derivatives; dyes, pigments and other colouring ...	320625	420977	501731	512499	485634	468365	473364	377796	440125	431951	376213	382466	Argentina
08	Edible fruit and nuts; peel of citrus fruit or melons	149251	181971	208491	221570	270606	304550	306429	319154	397137	327343	287945	381903	Argentina
26	Ores, slag and ash	309905	893717	1324866	695840	881011	890740	510656	360322	542856	675823	461683	369128	Argentina
34	Soap, organic surface-active agents, washing preparations, lubricating preparations, artificial ...	242821	310149	367326	380165	382452	373317	360670	316816	344481	363124	333072	325707	Argentina
94	Furniture; bedding, mattresses, mattress supports, cushions and similar stuffed furnishings; ...	250940	426089	512907	427313	441690	364546	363247	430733	536246	567209	420495	311292	Argentina
76	Aluminium and articles thereof	194873	294445	358336	313969	334258	321704	286579	268071	345457	403777	316827	303696	Argentina
64	Footwear, gaiters and the like; parts of such articles	319099	367789	514013	432266	458717	391034	440600	569574	644527	592831	414305	277830	Argentina
74	Copper and articles thereof	218769	293782	424588	397196	378446	410155	374717	250293	272488	279022	216251	240015	Argentina
83	Miscellaneous articles of base metal	182589	280758	348775	313544	312707	280259	266217	247770	278322	297714	228673	222915	Argentina
82	Tools, implements, cutlery, spoons and forks, of base metal; parts thereof of base metal	285120	308385	334137	273497	291171	338037	380948	283965	321847	366599	250200	189158	Argentina
95	Toys, games and sports requisites; parts and accessories thereof	288438	378861	478783	401070	376508	345412	338702	413267	504759	419080	266296	188967	Argentina
63	Other made-up textile articles; sets; worn clothing and worn textile articles; rags	102489	119383	141323	87384	93742	68565	62764	88591	98164	106332	73696	187636	Argentina
55	Man-made staple fibres	216957	245606	359256	325071	302746	266729	275295	245369	243175	221784	180620	184098	Argentina
21	Miscellaneous edible preparations	120641	137108	180369	180404	196732	200204	200093	195586	219972	217074	172288	183821	Argentina
35	Albuminoidal substances; modified starches; glues; enzymes	89862	115738	151359	153384	187045	165374	166399	161718	162684	164200	167989	176864	Argentina
70	Glass and glassware	196500	292205	312407	265868	295293	296705	285961	254856	281407	268143	193441	174992	Argentina
96	Miscellaneous manufactured articles	112714	151409	184610	215012	223561	207780	208432	186707	191279	185346	151301	159868	Argentina
54	Man-made filaments; strip and the like of man-made textile materials	133346	200585	213703	194761	211164	200173	210553	194466	207465	188715	154622	153459	Argentina
18	Cocoa and cocoa preparations	140947	187791	202387	209558	189229	195657	182777	177549	176231	183858	148916	151567	Argentina
47	Pulp of wood or of other fibrous cellulosic material; recovered (waste and scrap) paper or ...	79879	106318	122647	112189	99949	125522	142247	125752	141428	163355	174276	150156	Argentina
09	Coffee, tea, maté and spices	87970	101329	140229	147036	132520	105027	130512	116757	142374	115651	100704	131726	Argentina
62	Articles of apparel and clothing accessories, not knitted or crocheted	166228	194523	273514	228968	205847	176108	184539	232430	282648	294952	185413	121288	Argentina
68	Articles of stone, plaster, cement, asbestos, mica or similar materials	89100	125039	124407	127389	130318	116609	165482	172775	225313	151445	104819	114189	Argentina
20	Preparations of vegetables, fruit, nuts or other parts of plants	70550	99370	126013	111330	117453	127295	124007	145907	165938	151955	97877	113959	Argentina
61	Articles of apparel and clothing accessories, knitted or crocheted	114143	133226	195936	148983	120907	105404	96091	131200	180038	221840	174456	112406	Argentina
60	Knitted or crocheted fabrics	106184	128995	121277	121774	139597	170794	190127	174555	158625	161805	109436	109465	Argentina
71	Natural or cultured pearls, precious or semi-precious stones, precious metals, metals clad ...	78978	100427	98057	72912	87594	109028	96858	75256	102189	116361	143237	108352	Argentina
69	Ceramic products	98659	151022	177621	142417	142434	134430	151711	152491	172018	194072	134425	107505	Argentina
16	Preparations of meat, of fish or of crustaceans, molluscs or other aquatic invertebrates	80333	97904	133664	142174	139667	99187	110934	117302	139945	155753	97411	104399	Argentina
02	Meat and edible meat offal	86276	153895	189848	104968	55469	38262	42390	92139	120866	158096	125410	97789	Argentina
56	Wadding, felt and nonwovens; special yarns; twine, cordage, ropes and cables and articles thereof	78275	110456	150200	136904	120262	129839	127989	114830	110205	120545	105066	93209	Argentina
89	Ships, boats and floating structures	53265	78912	61936	41972	26784	84172	34778	123860	120365	128581	160228	91904	Argentina
25	Salt; sulphur; earths and stone; plastering materials, lime and cement	89777	131663	197036	177167	157388	223394	251414	133020	161922	183218	132949	89005	Argentina
88	Aircraft, spacecraft, and parts thereof	1121426	1357165	887559	973448	279573	1038561	662790	1185666	936638	187477	100088	83631	Argentina
44	Wood and articles of wood; wood charcoal	105817	137775	175433	149797	125532	120540	122449	113744	125443	124091	78824	81375	Argentina
22	Beverages, spirits and vinegar	58572	87798	104782	89633	77221	74534	65108	87965	194714	151955	82312	79288	Argentina
15	Animal or vegetable fats and oils and their cleavage products; prepared edible fats; animal ...	44506	73351	72692	80500	139970	87037	99839	75119	93040	92698	73194	74880	Argentina
79	Zinc and articles thereof	20422	22177	22924	23111	22211	24824	25922	84363	101411	118833	82909	71471	Argentina
42	Articles of leather; saddlery and harness; travel goods, handbags and similar containers; articles ...	89021	100595	127642	82847	107996	104901	120668	137890	159952	163256	108900	70102	Argentina
23	Residues and waste from the food industries; prepared animal fodder	42480	60754	70765	77648	79825	71269	69904	72687	65860	67048	70840	67319	Argentina
59	Impregnated, coated, covered or laminated textile fabrics; textile articles of a kind suitable ...	81076	101524	130387	122124	112826	91529	99962	90002	100673	93822	74394	62707	Argentina
24	Tobacco and manufactured tobacco substitutes	44170	56668	80893	103759	69378	74950	58746	54045	50478	50535	52360	59986	Argentina
52	Cotton	125198	167626	167920	145768	144621	120496	117311	128027	113228	97197	69725	56267	Argentina
13	Lac; gums, resins and other vegetable saps and extracts	37678	44663	60510	78774	78701	78848	73360	55092	64196	70625	55980	51653	Argentina
49	Printed books, newspapers, pictures and other products of the printing industry; manuscripts, ...	141547	141627	196940	109159	93002	68697	106740	97881	157811	200590	118903	49673	Argentina
03	Fish and crustaceans, molluscs and other aquatic invertebrates	28310	38912	46621	42433	57674	57053	60124	70879	84372	76690	59623	48201	Argentina
07	Edible vegetables and certain roots and tubers	15615	17861	17176	10746	16977	13744	17736	35001	36822	31350	20443	39332	Argentina
45	Cork and articles of cork	38538	44556	44969	41796	46691	41424	37152	34189	33909	30628	32157	37537	Argentina
19	Preparations of cereals, flour, starch or milk; pastrycooks' products	31001	35162	40838	41631	30465	25592	24107	30344	46205	49071	40695	37183	Argentina
05	Products of animal origin, not elsewhere specified or included	25893	33735	45447	36500	39670	35384	38157	39282	35887	34131	27954	34347	Argentina
91	Clocks and watches and parts thereof	36499	47423	65078	57783	61344	55161	66220	62403	59571	50167	34621	32602	Argentina
17	Sugars and sugar confectionery	35589	59210	82970	41397	44139	36648	37137	40853	56435	48252	36907	31058	Argentina
37	Photographic or cinematographic goods	84141	87782	87539	90239	87638	77967	75376	53333	53247	43332	42243	29943	Argentina
10	Cereals	21673	32415	32129	42969	18011	17008	12846	17982	35390	35484	29096	29250	Argentina
11	Products of the milling industry; malt; starches; inulin; wheat gluten	10238	12997	14247	12853	19337	16497	13497	18689	22492	25776	29847	27922	Argentina
86	Railway or tramway locomotives, rolling stock and parts thereof; railway or tramway track fixtures ...	30159	34101	70576	129353	374302	716739	636333	467141	395496	212322	98450	25739	Argentina
01	Live animals	13047	13072	17378	15484	17170	15359	14943	23506	22530	21882	24174	23612	Argentina
80	Tin and articles thereof	14485	28917	27810	22954	25992	17288	16304	17757	14173	16758	8805	21136	Argentina
81	Other base metals; cermets; articles thereof	18260	23805	25372	22255	26685	19549	21964	14824	17208	19290	16198	18427	Argentina
75	Nickel and articles thereof	20020	37925	41844	31554	37496	30085	29456	20325	19799	28539	35129	18339	Argentina
65	Headgear and parts thereof	16279	20748	22496	17627	16367	17155	17533	24758	33052	32820	20429	16854	Argentina
92	Musical instruments; parts and accessories of such articles	24593	32047	45216	38711	39024	31579	34213	34110	30675	27626	13694	16774	Argentina
58	Special woven fabrics; tufted textile fabrics; lace; tapestries; trimmings; embroidery	18441	23010	38802	36068	34619	30275	30472	28984	27702	27277	17672	15781	Argentina
57	Carpets and other textile floor coverings	12854	22129	29430	23097	22247	18059	16065	20751	26044	25833	19232	13763	Argentina
04	Dairy produce; birds' eggs; natural honey; edible products of animal origin, not elsewhere ...	17651	29862	25594	36075	27898	26606	11757	16891	30759	29204	26029	13717	Argentina
41	Raw hides and skins (other than furskins) and leather	21198	39064	51953	33687	29332	31100	31702	26723	17049	16390	13614	11838	Argentina
93	Arms and ammunition; parts and accessories thereof	15292	18267	26821	20809	16553	15557	17633	21602	27083	18973	10107	10767	Argentina
36	Explosives; pyrotechnic products; matches; pyrophoric alloys; certain combustible preparations	13840	21161	27157	24767	25578	26576	21764	17714	18980	18180	19257	10196	Argentina
53	Other vegetable textile fibres; paper yarn and woven fabrics of paper yarn	4686	6928	6539	5228	4881	4939	5822	7508	7090	9511	5656	6206	Argentina
66	Umbrellas, sun umbrellas, walking sticks, seat-sticks, whips, riding-crops and parts thereof	4371	7986	10852	6787	6812	8431	9200	11292	12390	8796	5305	4310	Argentina
67	Prepared feathers and down and articles made of feathers or of down; artificial flowers; articles ...	4809	6872	7876	6438	6127	5056	6838	6186	6836	7879	5571	3796	Argentina
06	Live trees and other plants; bulbs, roots and the like; cut flowers and ornamental foliage	4937	5460	7431	5935	5709	4815	6052	7350	8364	8664	6242	3494	Argentina
14	Vegetable plaiting materials; vegetable products not elsewhere specified or included	3438	4256	3185	2505	4075	4768	5617	6187	6273	7456	5807	3303	Argentina
78	Lead and articles thereof	3639	3452	2188	1645	1856	1442	1046	1347	1759	1449	865	2190	Argentina
46	Manufactures of straw, of esparto or of other plaiting materials; basketware and wickerwork	2307	2937	4046	2505	4006	2314	2915	2798	3329	2949	1542	2038	Argentina
51	Wool, fine or coarse animal hair; horsehair yarn and woven fabric	9036	8375	9615	8744	8240	6811	6457	5174	4521	2701	2432	1433	Argentina
43	Furskins and artificial fur; manufactures thereof	809	2396	2241	1387	926	637	1238	506	526	930	429	929	Argentina
97	Works of art, collectors' pieces and antiques	1682	2983	3330	2999	1847	1367	491	1569	4375	3054	5761	428	Argentina
50	Silk	1891	2582	2554	2845	2244	2233	1974	1793	1033	815	196	198	Argentina
TOTAL	All products	1005555200	1396001600	1743394900	1818199200	1949992300	1959234625	1681670816	1588695867	1840957060	2134987265	2068950255	2055590612	China
85	Electrical machinery and equipment and parts thereof; sound recorders and reproducers, television ...	243756119	314282498	350954252	381520999	439417537	424319488	431610860	414337517	455494791	521542155	496832132	548743322	China
27	Mineral fuels, mineral oils and products of their distillation; bituminous substances; mineral ...	123970041	188965812	275766337	313066988	315232252	316787667	198679762	175813094	247578520	347782297	343636632	267556481	China
84	Machinery, mechanical appliances, nuclear reactors, boilers; parts thereof	123717219	172150025	199313752	181960039	170570903	179377721	157189653	147754410	169779652	202317919	190308746	191963813	China
26	Ores, slag and ash	69590904	109386524	150655638	133727965	148772300	134660947	95064522	93160255	125380730	135914467	163605608	180016125	China
90	Optical, photographic, cinematographic, measuring, checking, precision, medical or surgical ...	66996321	89919369	99140733	106145649	107588269	105806107	99721428	92641354	97414143	102526375	98661866	99096789	China
87	Vehicles other than railway or tramway rolling stock, and parts and accessories thereof	28363242	49504235	65438574	70596739	74147799	89509494	69607641	71481212	79231361	81492534	75125428	73973876	China
39	Plastics and articles thereof	48513919	63704657	70198652	69424491	72390786	75190305	65609923	61006719	68949683	74867230	71578324	71041152	China
74	Copper and articles thereof	29513125	46183467	54251470	54516255	49828688	47278407	38388299	33236165	41196624	47646537	40807909	48548713	China
29	Organic chemicals	36163021	48263067	63131991	60864293	65876608	60312892	47878739	43865355	55761871	67391000	57806523	45557665	China
12	Oil seeds and oleaginous fruits; miscellaneous grains, seeds and fruit; industrial or medicinal ...	21005837	27061892	32020530	38582565	42626755	45887757	39817320	38274346	44497829	43371567	40158355	44962864	China
72	Iron and steel	27816485	25326244	28380643	23280399	21335562	21167203	18225686	16859864	21492507	22377160	23357497	36820912	China
30	Pharmaceutical products	6015012	7236105	10347763	12993175	15096015	17752095	19227237	20734931	25250504	27900028	33614184	34919392	China
71	Natural or cultured pearls, precious or semi-precious stones, precious metals, metals clad ...	6550563	10846861	14911410	13219293	18339649	41893506	17957139	15694323	14331075	61958709	60540892	31749870	China
02	Meat and edible meat offal	1701444	2224995	3411422	4107752	5929656	5844331	6798207	10259495	9485369	11018798	18835596	30271801	China
33	Essential oils and resinoids; perfumery, cosmetic or toilet preparations	1178062	1502226	1939008	2151272	2384842	3372164	4513507	5510603	7633644	12374999	16151703	20493638	China
44	Wood and articles of wood; wood charcoal	7255434	11234863	15857712	14937030	18768838	22797546	18627018	19596940	23411325	24914415	21976451	20186939	China
38	Miscellaneous chemical products	9040077	12259144	15409178	15316420	15720199	16807073	14429096	14520525	15953100	18071690	17507307	18835914	China
47	Pulp of wood or of other fibrous cellulosic material; recovered (waste and scrap) paper or ...	10639756	14178159	18907489	17247792	17305501	17413803	18037211	17225785	21211288	24011030	19240368	16906278	China
40	Rubber and articles thereof	10374140	16925289	23062948	20651789	19898563	17370613	14157608	13823160	18888035	16908808	15370908	16130939	China
03	Fish and crustaceans, molluscs and other aquatic invertebrates	3604804	4365460	5587562	5488977	5993593	6583348	6335959	6906670	8062462	11605738	15411425	12372366	China
08	Edible fruit and nuts; peel of citrus fruit or melons	1719970	2139435	3035471	3807879	4100716	5144604	6009606	5857442	6376662	8680371	11662825	12016014	China
15	Animal or vegetable fats and oils and their cleavage products; prepared edible fats; animal ...	7737211	8884173	11540146	13040937	10822945	9118711	7894883	7039504	8277545	8609593	9936401	11254168	China
28	Inorganic chemicals; organic or inorganic compounds of precious metals, of rare-earth metals, ...	6257683	9958146	10886351	9773731	9460465	10384983	9924814	9023872	10663685	10829463	10364297	11034336	China
99	Commodities not elsewhere specified	3304654	18433281	49498449	68769065	104735488	82763505	80518802	77492643	66855220	29854611	10614452	10906755	China
88	Aircraft, spacecraft, and parts thereof	10525223	12391040	13541753	17612975	23181189	28438496	28003773	22796806	26214937	30683739	19382443	9531111	China
73	Articles of iron or steel	8920663	9150701	10225596	10065037	10429877	11787462	10112329	9572870	10025932	10761902	9854293	9482074	China
10	Cereals	876144	1501286	2015943	4750662	5053759	6174890	9349598	5660730	6400536	5793074	5055560	9324536	China
52	Cotton	6180050	10619616	14730025	18681444	17229073	12756184	10255589	7738082	8615702	9890790	9231143	8279020	China
76	Aluminium and articles thereof	8540303	8795536	9772493	9598255	8702562	8039030	6931158	5943351	6616621	6641146	5794174	8142103	China
70	Glass and glassware	3028610	4871474	6267282	7267865	7461719	7330714	6603425	6827604	7247740	7786535	7577283	7854243	China
19	Preparations of cereals, flour, starch or milk; pastrycooks' products	1011012	1221777	1625763	1945785	2583892	2814458	3842636	4561147	5686816	6665158	7210066	7330611	China
48	Paper and paperboard; articles of paper pulp, of paper or of paperboard	3880428	4611778	5054829	4596226	4372835	4308836	4046924	3944807	4985629	6201171	5265824	7288755	China
04	Dairy produce; birds' eggs; natural honey; edible products of animal origin, not elsewhere ...	1046346	2000015	2657866	3251392	5245216	6490639	3303849	3516359	5068873	5601464	6352140	7288743	China
25	Salt; sulphur; earths and stone; plastering materials, lime and cement	2741428	4509412	5794352	6346423	5986590	6243944	5469562	4663140	6361938	8015641	8135473	6886159	China
64	Footwear, gaiters and the like; parts of such articles	880482	1118265	1553633	1785074	1955258	2293381	2748304	3054525	3650102	4661494	5634520	5969970	China
22	Beverages, spirits and vinegar	1114742	1645629	2556626	3102473	3058402	3159323	4281448	4787186	5279663	6433892	5827888	5089962	China
34	Soap, organic surface-active agents, washing preparations, lubricating preparations, artificial ...	2079562	2782591	3290609	3409953	3692431	3953108	3809882	3936626	4453452	4913086	4723397	5025422	China
32	Tanning or dyeing extracts; tannins and their derivatives; dyes, pigments and other colouring ...	3595911	4427289	4539353	4163141	4312108	4460916	4087996	4216157	4653686	5027415	4999814	4826624	China
42	Articles of leather; saddlery and harness; travel goods, handbags and similar containers; articles ...	713070	1122977	1687188	1875945	1917131	2051667	2106797	2203043	2627626	3319024	3986175	4815847	China
23	Residues and waste from the food industries; prepared animal fodder	1837903	3234535	3102286	3047901	3654224	3980566	4427217	3061745	3397279	3805130	3971986	4798120	China
62	Articles of apparel and clothing accessories, not knitted or crocheted	1018575	1420024	2385177	2662955	3148793	3559322	3694918	3588804	3819597	4173539	4477597	4749074	China
21	Miscellaneous edible preparations	483524	681489	864847	966020	1205243	1406882	1788106	2167624	2444630	3254787	3690875	4468208	China
91	Clocks and watches and parts thereof	1571341	2187608	3263771	4149093	3903174	3561232	3483658	3198647	3457926	3821226	4142620	4467598	China
75	Nickel and articles thereof	5081439	5910433	7373730	4823043	4524506	4097085	5198241	4938185	4623810	5499113	5508564	4218125	China
35	Albuminoidal substances; modified starches; glues; enzymes	1546013	2200102	2667734	2977098	3099363	3241692	3039354	3076994	3346302	3600361	3681992	3932194	China
61	Articles of apparel and clothing accessories, knitted or crocheted	633170	818220	1187148	1344869	1667714	2065514	2309886	2379909	2798552	3387416	3653043	3514818	China
81	Other base metals; cermets; articles thereof	1075757	1496782	1509961	1483585	1541434	1565855	1795828	1802405	3086563	4824243	3123052	3407138	China
82	Tools, implements, cutlery, spoons and forks, of base metal; parts thereof of base metal	2111868	2764233	3255016	3175656	3210032	3558848	3428844	3208714	3665953	3849874	3506349	3109473	China
31	Fertilisers	1992861	2571769	3449553	4024450	3374943	3351122	3928515	2412752	2340903	2732283	3543737	2906547	China
94	Furniture; bedding, mattresses, mattress supports, cushions and similar stuffed furnishings; ...	1841701	3060824	2780538	2872045	3063736	3373789	3233846	3235811	3699548	3971384	3527753	2903262	China
37	Photographic or cinematographic goods	1533432	1929457	2167066	2278613	2321811	2273232	2233123	2227770	2369448	2618858	2708183	2898291	China
41	Raw hides and skins (other than furskins) and leather	4462401	5939141	6845256	7124988	8025665	8260979	7498442	5757865	5649445	4778305	3658136	2728101	China
17	Sugars and sugar confectionery	476980	1033935	2131929	2543300	2363617	1786013	2080132	1462459	1406623	1422214	1604062	2636490	China
95	Toys, games and sports requisites; parts and accessories thereof	1027362	1023395	1436249	1417976	1351289	2072457	1873611	2329720	2099526	2110436	2526781	2304996	China
51	Wool, fine or coarse animal hair; horsehair yarn and woven fabric	2214585	2827484	3840614	3585653	3674376	3384212	3420393	3146254	3632003	4197746	3223409	2289989	China
54	Man-made filaments; strip and the like of man-made textile materials	3209889	3784203	4062905	3778846	3713279	3527135	3127268	2912904	3012919	3155489	2869036	2218106	China
49	Printed books, newspapers, pictures and other products of the printing industry; manuscripts, ...	1049017	1270376	1412258	1536608	1898321	1909708	1676940	1643586	1712565	2076359	2361678	2206348	China
89	Ships, boats and floating structures	2479436	1678196	2040255	1783590	2034918	1318015	1003049	1924200	1880827	2056460	2001674	2174441	China
79	Zinc and articles thereof	1377377	1217760	1276503	1469475	1671742	1639344	1443786	1170101	2494370	2579502	2093414	1991821	China
07	Edible vegetables and certain roots and tubers	1052564	1515542	1823631	2406865	2549352	2579931	2621426	1847951	1992459	2037900	1566071	1956593	China
96	Miscellaneous manufactured articles	775064	949264	1015197	1286834	1471562	1723166	2356137	2363188	2634222	2591080	2360255	1898691	China
68	Articles of stone, plaster, cement, asbestos, mica or similar materials	725851	1065226	1344308	1344246	1452561	1668111	1510523	1563744	1671652	1836107	1770983	1831474	China
83	Miscellaneous articles of base metal	1193050	1533787	1817710	1796043	1787113	1935169	1700669	1753443	1812289	1940538	1876315	1811516	China
55	Man-made staple fibres	2510270	3018440	3598573	3383435	3391698	3067482	2604023	2038882	2376866	2477539	2258012	1627393	China
56	Wadding, felt and nonwovens; special yarns; twine, cordage, ropes and cables and articles thereof	899152	1126744	1189264	1154517	1194837	1310779	1176329	1170462	1298435	1325561	1240296	1483912	China
59	Impregnated, coated, covered or laminated textile fabrics; textile articles of a kind suitable ...	1506343	1846784	1994383	1934248	1978197	2015814	1798706	1719794	1788308	1811224	1689740	1466320	China
11	Products of the milling industry; malt; starches; inulin; wheat gluten	301433	451651	540938	579729	802304	963921	952465	892240	970040	1180576	1332187	1439787	China
63	Other made-up textile articles; sets; worn clothing and worn textile articles; rags	241058	262066	410386	394320	430252	483373	462577	450716	505006	484756	480681	1423198	China
69	Ceramic products	416452	586089	743134	656557	688539	778195	703539	787883	1022606	1226916	1280223	1346350	China
20	Preparations of vegetables, fruit, nuts or other parts of plants	333398	462082	592606	623762	661646	765862	875068	981836	1092934	1399421	1495954	1343851	China
09	Coffee, tea, maté and spices	85742	150034	232168	306325	256359	342297	397582	667213	730928	632320	952481	1237812	China
24	Tobacco and manufactured tobacco substitutes	843653	790706	1137964	1316016	1459659	2092563	1863737	1727860	1762645	1758782	1906093	1166539	China
60	Knitted or crocheted fabrics	2137454	2345418	2446813	2360399	2321983	2039465	1849539	1701375	1690900	1638446	1372024	1022226	China
53	Other vegetable textile fibres; paper yarn and woven fabrics of paper yarn	395577	559636	761017	603228	692468	889430	858667	794095	806096	916881	1057900	811277	China
18	Cocoa and cocoa preparations	261793	437170	604972	623949	714385	870943	872210	685436	659573	786386	810775	775596	China
05	Products of animal origin, not elsewhere specified or included	275512	418158	428529	446619	498148	479410	466016	521991	613006	729225	855051	763717	China
86	Railway or tramway locomotives, rolling stock and parts thereof; railway or tramway track fixtures ...	1575379	2021232	1984144	1181559	999362	1644070	1350181	1061809	767725	793335	717722	716423	China
97	Works of art, collectors' pieces and antiques	10765	25765	42153	87950	770754	524116	398176	308692	76576	194044	840462	669399	China
01	Live animals	140495	269224	376624	499523	432743	835234	551594	409261	363984	412936	497473	634774	China
43	Furskins and artificial fur; manufactures thereof	464951	636511	823890	936556	1204391	1287259	1504914	1227302	1241776	1038481	1020131	543342	China
92	Musical instruments; parts and accessories of such articles	179800	229021	271806	302919	292309	318107	337304	375017	403746	488559	529809	443545	China
80	Tin and articles thereof	468676	553639	846745	920435	552206	428722	325364	306569	208984	178847	158981	410507	China
13	Lac; gums, resins and other vegetable saps and extracts	120377	120550	158387	203308	223938	234637	227643	213993	255912	313885	412520	370799	China
16	Preparations of meat, of fish or of crustaceans, molluscs or other aquatic invertebrates	52146	100193	180143	182736	197436	248949	239658	183635	239137	392895	394099	352721	China
58	Special woven fabrics; tufted textile fabrics; lace; tapestries; trimmings; embroidery	620210	694214	732375	736643	734114	670628	586853	542201	519549	512443	454286	331789	China
67	Prepared feathers and down and articles made of feathers or of down; artificial flowers; articles ...	180475	217781	319945	310401	338460	281794	270330	217175	218541	230904	320165	315444	China
06	Live trees and other plants; bulbs, roots and the like; cut flowers and ornamental foliage	90297	103979	128734	136574	173378	189271	217672	226260	280860	292745	269743	243766	China
65	Headgear and parts thereof	20804	29141	35725	43255	44945	51943	54622	62943	77699	99608	130045	191507	China
14	Vegetable plaiting materials; vegetable products not elsewhere specified or included	102578	201332	243847	193637	185309	199516	196111	203479	174753	143501	143938	129119	China
78	Lead and articles thereof	325591	133873	137833	114578	83540	70557	48265	52758	264634	401412	370565	120531	China
36	Explosives; pyrotechnic products; matches; pyrophoric alloys; certain combustible preparations	43922	74138	91451	110349	121282	149776	148617	178088	164244	139936	113975	93453	China
57	Carpets and other textile floor coverings	102211	130348	137000	147008	152674	164037	145924	136773	133442	136010	119724	79488	China
50	Silk	109000	124435	112137	95440	86283	69092	59670	56990	50575	53307	56564	48428	China
45	Cork and articles of cork	33063	43591	47681	45062	37008	41160	40798	41417	47687	56026	40504	35084	China
46	Manufactures of straw, of esparto or of other plaiting materials; basketware and wickerwork	5866	9344	11501	14491	12669	11418	12833	12516	14575	15778	18620	16280	China
93	Arms and ammunition; parts and accessories thereof	4874	3010	7948	9060	4886	6073	7647	13461	7035	7929	10251	10555	China
66	Umbrellas, sun umbrellas, walking sticks, seat-sticks, whips, riding-crops and parts thereof	5725	6165	9617	20742	19413	22031	14077	12355	11986	33276	15671	8969	China
TOTAL	All products	928891172	1060672352	1261588484	1161247824	1187301533	1214915242	1053388444	1056664804	1164586085	1286008402	1236217435	1171580759	Germany
84	Machinery, mechanical appliances, nuclear reactors, boilers; parts thereof	115902013	132043855	153582664	141566012	143223900	150690852	133529218	136600446	149636920	165367365	160676106	150263318	Germany
85	Electrical machinery and equipment and parts thereof; sound recorders and reproducers, television ...	104898750	129150664	140639973	127073558	128309197	135488445	124422759	130624922	145974142	159502590	151586502	149730607	Germany
87	Vehicles other than railway or tramway rolling stock, and parts and accessories thereof	77956645	78832835	98288123	93137319	96717171	104943731	99637622	110237824	121633396	133631931	137101039	123657699	Germany
27	Mineral fuels, mineral oils and products of their distillation; bituminous substances; mineral ...	108473416	124577582	170967239	167120272	168930182	150875583	99538587	78391782	92430886	116003944	108989617	76898647	Germany
30	Pharmaceutical products	45240304	45150772	48571203	43534211	45232159	49293263	45206793	48332745	53380330	57240725	58585025	65756918	Germany
90	Optical, photographic, cinematographic, measuring, checking, precision, medical or surgical ...	27687170	30985656	36655058	35058170	36512289	38824894	36431014	37943245	40332783	44220658	44006150	42732227	Germany
39	Plastics and articles thereof	29729862	36314491	43095517	40306562	42601675	44633003	39148473	39900156	44363841	48641085	44588746	41811099	Germany
29	Organic chemicals	25652648	28611708	34894146	32770947	33504683	34284120	31284768	30101191	34464654	46180996	40916752	37747495	Germany
71	Natural or cultured pearls, precious or semi-precious stones, precious metals, metals clad ...	11762885	16339242	21511896	18936589	18936096	16286420	16193917	16889537	18962435	19465699	20436770	29183848	Germany
73	Articles of iron or steel	16902664	18902508	24252467	21883027	22523854	23745846	20589849	21107447	22970219	25740670	23985153	21923506	Germany
72	Iron and steel	20384729	29198475	38260023	31127646	29730527	30440969	24999129	22952641	29046380	33183153	27371288	21731290	Germany
94	Furniture; bedding, mattresses, mattress supports, cushions and similar stuffed furnishings; ...	15157878	16597216	18996042	17935231	18897192	21275585	19202177	20235085	20551564	21711123	21057544	21086893	Germany
61	Articles of apparel and clothing accessories, knitted or crocheted	14804902	15960895	18493086	16213623	17638019	19009509	16965911	17467314	19051641	20233915	19639904	18975480	Germany
62	Articles of apparel and clothing accessories, not knitted or crocheted	15954898	16417745	19604080	17315175	18074683	19079335	17019569	17493559	18495676	19690767	19316522	18161402	Germany
38	Miscellaneous chemical products	11913121	13433647	16392007	14582014	14869537	15665791	13401530	13718924	14893871	16531248	16096402	17682387	Germany
76	Aluminium and articles thereof	11370024	15678199	19256744	16775834	17123330	18210609	16943124	16559971	18139324	19739888	17403536	14997475	Germany
40	Rubber and articles thereof	11176105	14563196	19885966	17268323	17539464	17286523	14514094	14846076	16026823	16897963	15261328	14074828	Germany
88	Aircraft, spacecraft, and parts thereof	24508515	26881931	25992138	24155718	27056496	28635210	25242736	20094612	17702722	16932985	17817630	13989153	Germany
99	Commodities not elsewhere specified	16546600	15607255	17207455	14459203	13116353	14110404	12764861	12544873	13886366	15349988	14833724	13943975	Germany
48	Paper and paperboard; articles of paper pulp, of paper or of paperboard	14350552	15077786	16636761	14689132	14885188	15658495	13340242	13366372	13862397	15044754	13803685	12803976	Germany
08	Edible fruit and nuts; peel of citrus fruit or melons	7942348	8239828	9019318	8774771	10119320	10142480	10127807	10375666	11292982	11847078	11240524	12606395	Germany
64	Footwear, gaiters and the like; parts of such articles	7084964	7998333	9857017	9103276	9984905	11212626	10583977	11180353	12507009	13203500	13214481	12444188	Germany
63	Other made-up textile articles; sets; worn clothing and worn textile articles; rags	3359857	3796012	4697645	4054564	4121304	4513194	4036983	4176833	4340397	4647873	4553423	11589807	Germany
74	Copper and articles thereof	7853155	12156307	15604506	13515820	13398205	12270464	9863768	9094201	10873706	12200846	10516092	10137228	Germany
26	Ores, slag and ash	6268439	10047987	13346623	11203412	10263926	10108017	7238481	6521820	8580368	9140651	9422515	9973473	Germany
04	Dairy produce; birds' eggs; natural honey; edible products of animal origin, not elsewhere ...	7123212	7631638	8586594	7959657	8854456	9279740	7569431	7630277	9323843	9610978	9144090	9514654	Germany
95	Toys, games and sports requisites; parts and accessories thereof	9172355	7165461	7810380	6545846	6152359	6698588	6644488	6605242	7833284	8942588	8543998	8817475	Germany
44	Wood and articles of wood; wood charcoal	6502470	7606811	8885553	8118593	8602223	9178325	8011678	8333299	8711073	9599868	8823975	8654308	Germany
22	Beverages, spirits and vinegar	7350223	7372115	8686168	8450657	8811344	8434767	7187465	7501575	8057833	8641794	8476650	8449932	Germany
07	Edible vegetables and certain roots and tubers	5712068	6346020	6337346	6162338	6918632	6697690	6154302	6499629	6944417	7229192	7160764	7625342	Germany
33	Essential oils and resinoids; perfumery, cosmetic or toilet preparations	5268208	5738946	6335860	6244350	7104690	7266602	7039343	7420443	8140139	8655655	8295781	7428857	Germany
02	Meat and edible meat offal	6579012	6647389	8124135	7616971	8019578	8053835	6683492	6977102	7666016	7996203	7651287	7083128	Germany
12	Oil seeds and oleaginous fruits; miscellaneous grains, seeds and fruit; industrial or medicinal ...	4292396	3949403	5416682	6308790	6691072	6111406	5332041	5476424	5935920	6199055	5981916	6499552	Germany
32	Tanning or dyeing extracts; tannins and their derivatives; dyes, pigments and other colouring ...	4500664	5738679	7125521	6829511	7591512	7661636	6286975	6410921	6886981	7151649	6558992	6479723	Germany
28	Inorganic chemicals; organic or inorganic compounds of precious metals, of rare-earth metals, ...	7092431	8579676	9617232	9395934	8240062	8320648	6902282	6436341	7198852	8145123	7388822	6312901	Germany
20	Preparations of vegetables, fruit, nuts or other parts of plants	4902719	4802892	5705837	5466712	5480834	5632504	5165411	5096894	5627660	5860971	5580612	5839600	Germany
82	Tools, implements, cutlery, spoons and forks, of base metal; parts thereof of base metal	3969520	4569453	5746334	5352752	5292828	5776531	5181345	5251787	5679018	6222619	5943741	5545478	Germany
83	Miscellaneous articles of base metal	4051946	4631684	5294549	4871380	4981592	5324690	4742630	4958544	5282677	5718411	5431270	5243817	Germany
70	Glass and glassware	4551781	5194443	5789598	5226534	5612677	6084690	5211411	5563983	5854485	6241799	5782033	5210360	Germany
18	Cocoa and cocoa preparations	3592471	4139919	4683644	4180785	4253288	5050919	4763111	5171772	5035967	5150192	5167529	5140910	Germany
19	Preparations of cereals, flour, starch or milk; pastrycooks' products	3222465	3158794	3602270	3505741	4081721	4349655	4184249	4386613	4762971	4956958	4824826	5062539	Germany
34	Soap, organic surface-active agents, washing preparations, lubricating preparations, artificial ...	3368125	3666468	4220203	4037816	4318143	4490999	4049700	4168894	4498842	4922088	4843721	4774227	Germany
23	Residues and waste from the food industries; prepared animal fodder	3712151	3708171	4185038	4530762	4778908	4760091	4154912	4106262	4294631	4629830	4455907	4590094	Germany
09	Coffee, tea, maté and spices	3287895	4127118	6063789	5409033	4473580	4895512	4638333	4589056	4826919	4468492	4141458	4436773	Germany
03	Fish and crustaceans, molluscs and other aquatic invertebrates	3642867	3782914	4349102	4006371	4376147	4816276	4000337	4456020	4660217	4665205	4557258	4341996	Germany
21	Miscellaneous edible preparations	3609510	3225666	3012241	3154042	3407434	3660314	3214175	3442251	3711002	4036920	3971285	4312972	Germany
42	Articles of leather; saddlery and harness; travel goods, handbags and similar containers; articles ...	3073465	3399362	4135564	3837391	4176612	4589273	4368096	4430238	4659609	4858629	4858767	4180123	Germany
15	Animal or vegetable fats and oils and their cleavage products; prepared edible fats; animal ...	3456241	3986568	5838883	4529343	4828495	4708877	4046297	4325113	4482146	4246046	3845122	4136508	Germany
16	Preparations of meat, of fish or of crustaceans, molluscs or other aquatic invertebrates	2697726	2616393	2985123	3060321	3101616	3029926	2664073	2793324	3122491	3544212	3345227	3552151	Germany
68	Articles of stone, plaster, cement, asbestos, mica or similar materials	2541051	2917362	3517544	3287612	3308570	3576475	3265170	3375771	3578794	3939769	3862281	3531407	Germany
86	Railway or tramway locomotives, rolling stock and parts thereof; railway or tramway track fixtures ...	2249115	2361923	2225696	2231441	3114609	2849711	2642458	2699230	3072600	3189205	3644995	3484210	Germany
10	Cereals	2461458	2370016	3362412	3090809	3311229	3422781	2866914	2723969	2745069	3164874	3158630	3397215	Germany
96	Miscellaneous manufactured articles	1549998	1707374	2006205	2827154	2991271	3243495	2814236	2976110	3131063	3356155	3211159	3286000	Germany
47	Pulp of wood or of other fibrous cellulosic material; recovered (waste and scrap) paper or ...	3219001	5085071	5443333	4499747	4702225	4549405	4175873	4085258	4420925	4917009	4183746	3282255	Germany
06	Live trees and other plants; bulbs, roots and the like; cut flowers and ornamental foliage	3417158	3470130	3935954	3608248	3466143	3511354	2946793	3087814	3143055	3404508	3249154	3279859	Germany
69	Ceramic products	2501497	2757634	3141186	2908306	2923442	3177658	2911036	3064303	3145486	3393563	3225544	3103692	Germany
24	Tobacco and manufactured tobacco substitutes	2644007	2335859	2907179	2422675	2451574	2652227	2161979	2147536	2459006	2771556	2841396	3035978	Germany
49	Printed books, newspapers, pictures and other products of the printing industry; manuscripts, ...	2905681	2619658	2826038	2515864	2379718	2656041	2566283	2836037	2840907	3187485	2955751	2887512	Germany
35	Albuminoidal substances; modified starches; glues; enzymes	2028661	2142303	2540471	2441665	2589627	2735813	2277655	2148759	2376756	2467666	2461846	2451083	Germany
91	Clocks and watches and parts thereof	1550140	1870902	2466884	2727748	2882863	2832121	2831551	2331566	2250261	2262119	2349695	2285858	Germany
25	Salt; sulphur; earths and stone; plastering materials, lime and cement	1914497	2409353	2748769	2359876	2343939	2380743	1971428	1991331	2063388	2336983	2139815	1910584	Germany
17	Sugars and sugar confectionery	1746324	1634846	1958013	2082030	2191084	2126223	1770800	1780699	1856618	1826010	1782454	1789929	Germany
01	Live animals	2077760	1986764	2133151	2293725	2695054	2582330	1961745	2255700	2195208	1917912	2054324	1788318	Germany
56	Wadding, felt and nonwovens; special yarns; twine, cordage, ropes and cables and articles thereof	1306911	1382729	1641806	1472736	1523195	1627902	1452238	1471382	1606296	1752670	1674907	1705135	Germany
89	Ships, boats and floating structures	6631894	14709972	10134218	6112447	4548694	2556570	2015044	2850156	2956421	2469818	2479768	1610481	Germany
81	Other base metals; cermets; articles thereof	1267717	1608025	2328631	2249601	2176202	2308674	1863628	1794397	2189742	2453875	2126291	1594701	Germany
75	Nickel and articles thereof	1149055	2265998	2823800	2358230	1823266	1804176	1436181	1233018	1469449	1871768	1838752	1502771	Germany
97	Works of art, collectors' pieces and antiques	655100	538629	675116	757741	771986	793699	578879	568555	535762	649821	694358	1443406	Germany
54	Man-made filaments; strip and the like of man-made textile materials	1515347	1822899	2051147	1795202	1804276	1913700	1677957	1641138	1751623	1822361	1620032	1361613	Germany
55	Man-made staple fibres	1516912	1838198	2300623	1980028	2012097	2065746	1675103	1639474	1672359	1743382	1582798	1335451	Germany
79	Zinc and articles thereof	885488	1409064	1591835	1348059	1375385	1561233	1353715	1433827	1844935	1915812	1587348	1309882	Germany
57	Carpets and other textile floor coverings	1372934	1379903	1534796	1281083	1321331	1332644	1159698	1216369	1239187	1262669	1200229	1192658	Germany
59	Impregnated, coated, covered or laminated textile fabrics; textile articles of a kind suitable ...	1388094	1268740	1573489	1438142	1435563	1379955	1206071	1240976	1294724	1342300	1261085	1164013	Germany
31	Fertilisers	1166522	1466353	2104783	1937112	1894961	1918324	1595701	1282394	1260414	1084788	1158759	1069580	Germany
05	Products of animal origin, not elsewhere specified or included	874998	882435	1100045	1160684	1196794	1155758	934169	936049	1130575	1163154	1115469	1018560	Germany
37	Photographic or cinematographic goods	1095733	1090195	1147991	1080322	1114842	1052396	841029	865819	989652	1093104	1017678	846703	Germany
65	Headgear and parts thereof	477731	554958	624515	551422	580031	641051	569269	612361	679500	725559	805231	799284	Germany
92	Musical instruments; parts and accessories of such articles	568776	679539	737636	714660	635858	706007	624524	647046	672294	752546	768899	789184	Germany
11	Products of the milling industry; malt; starches; inulin; wheat gluten	590010	524902	720028	639159	683984	643228	570441	607895	630836	769340	770387	779504	Germany
52	Cotton	1037636	1228758	1706885	1295272	1288763	1253316	1021913	991180	1057268	1037474	865871	756924	Germany
13	Lac; gums, resins and other vegetable saps and extracts	459297	502884	589441	595705	614958	597950	529339	536944	560222	670581	609091	673333	Germany
41	Raw hides and skins (other than furskins) and leather	835179	1060485	1303514	1100624	1208784	1290604	944778	896704	904308	858396	674423	489935	Germany
51	Wool, fine or coarse animal hair; horsehair yarn and woven fabric	713633	948360	1246594	1031267	894459	830047	673414	732299	742621	744454	657789	469325	Germany
60	Knitted or crocheted fabrics	491300	545298	645962	598762	551139	571476	504551	511625	535895	533528	489046	458837	Germany
78	Lead and articles thereof	276134	433380	501383	401555	441417	426448	343913	380818	563382	586791	512205	422443	Germany
80	Tin and articles thereof	249504	445851	649478	468671	513048	526293	380766	412642	510743	516186	446524	330200	Germany
93	Arms and ammunition; parts and accessories thereof	207566	206978	250035	273313	282509	234735	206985	259373	265616	262871	274425	277118	Germany
66	Umbrellas, sun umbrellas, walking sticks, seat-sticks, whips, riding-crops and parts thereof	200589	214143	259642	216809	211794	254127	250207	236943	243558	278230	286545	276498	Germany
58	Special woven fabrics; tufted textile fabrics; lace; tapestries; trimmings; embroidery	393341	425830	461684	410613	367721	358383	295916	306897	298664	306494	281815	251588	Germany
67	Prepared feathers and down and articles made of feathers or of down; artificial flowers; articles ...	174225	199475	228183	206865	194082	198721	197702	209413	224946	253939	271392	250584	Germany
36	Explosives; pyrotechnic products; matches; pyrophoric alloys; certain combustible preparations	278113	298928	329448	328296	305991	328399	305641	280321	284724	294733	256369	241954	Germany
46	Manufactures of straw, of esparto or of other plaiting materials; basketware and wickerwork	165530	162151	178749	154388	135813	148165	146018	139025	131885	127052	133386	148579	Germany
45	Cork and articles of cork	133903	142669	142145	123954	120365	121447	108861	118106	115123	119148	121900	116647	Germany
43	Furskins and artificial fur; manufactures thereof	179654	195981	270761	263349	243535	227222	150196	139201	166858	178025	150824	91846	Germany
53	Other vegetable textile fibres; paper yarn and woven fabrics of paper yarn	90040	92446	121728	99619	86748	86948	79110	81295	76947	79324	78321	70984	Germany
14	Vegetable plaiting materials; vegetable products not elsewhere specified or included	30684	34771	39591	33983	39162	49033	42822	43692	46189	50857	53283	49417	Germany
50	Silk	90904	92121	114622	109210	91975	95623	65778	53788	56406	56666	35956	30987	Germany
TOTAL	All products	4712899	4776840	5908917	6434216	6552182	6502674	5595355	5477912	6728704	8081617	8146866	7820339	Senegal
27	Mineral fuels, mineral oils and products of their distillation; bituminous substances; mineral ...	1092937	1428275	1877199	1845812	1943671	1928654	1316000	1084869	1473833	2259510	2106671	1811009	Senegal
10	Cereals	466856	441599	581489	691000	695887	640287	574752	502633	640955	721074	596675	693261	Senegal
84	Machinery, mechanical appliances, nuclear reactors, boilers; parts thereof	481813	423653	440635	522578	560605	534514	597898	624203	649735	608537	732613	665684	Senegal
85	Electrical machinery and equipment and parts thereof; sound recorders and reproducers, television ...	307235	239663	329083	284401	335450	336641	365651	344383	521525	447296	543381	537735	Senegal
87	Vehicles other than railway or tramway rolling stock, and parts and accessories thereof	331187	340081	366087	399335	350855	393101	378716	464887	472165	544334	495975	444477	Senegal
30	Pharmaceutical products	136429	135033	168324	176375	181710	198452	180297	178669	212415	243934	265162	281393	Senegal
72	Iron and steel	138592	187181	241000	236148	201404	182687	184185	172870	234934	329595	301259	277226	Senegal
15	Animal or vegetable fats and oils and their cleavage products; prepared edible fats; animal ...	138748	126128	152045	219134	180118	173570	123835	144937	178363	163507	165590	243146	Senegal
39	Plastics and articles thereof	136315	81883	138138	166758	190535	195115	172866	168949	192905	227106	224507	233071	Senegal
19	Preparations of cereals, flour, starch or milk; pastrycooks' products	33004	46796	91501	107671	138079	152854	102697	127153	159244	175828	224303	228006	Senegal
73	Articles of iron or steel	105791	78398	85871	90445	138270	130107	109751	127674	169945	268220	261175	199510	Senegal
90	Optical, photographic, cinematographic, measuring, checking, precision, medical or surgical ...	37906	33435	43485	43342	49793	71476	53228	58583	78415	59755	67177	111383	Senegal
48	Paper and paperboard; articles of paper pulp, of paper or of paperboard	73695	56100	69563	91722	99887	98800	88901	86007	94930	99525	102087	110983	Senegal
17	Sugars and sugar confectionery	61278	91040	124150	103386	112763	54287	50119	89145	127848	59875	60629	107612	Senegal
25	Salt; sulphur; earths and stone; plastering materials, lime and cement	49696	100937	23182	161702	43990	50411	66061	68465	75273	137594	93750	93404	Senegal
04	Dairy produce; birds' eggs; natural honey; edible products of animal origin, not elsewhere ...	144058	133595	120338	99921	81469	90446	78577	75108	73956	81806	74594	85168	Senegal
38	Miscellaneous chemical products	39375	38909	59546	59966	63387	67435	58303	64036	66964	64477	65718	82252	Senegal
07	Edible vegetables and certain roots and tubers	41551	39690	47834	47910	47647	48606	42836	46351	80652	63877	72028	81891	Senegal
21	Miscellaneous edible preparations	68742	39943	43373	59248	67253	70101	64437	59999	61722	62891	66667	79295	Senegal
29	Organic chemicals	31733	29960	38119	43523	43439	51503	50907	54472	64369	69186	68132	69575	Senegal
40	Rubber and articles thereof	34363	25201	34956	50506	50391	37121	41337	41257	49806	51827	58764	68494	Senegal
94	Furniture; bedding, mattresses, mattress supports, cushions and similar stuffed furnishings; ...	34240	30182	36511	43906	47690	58727	45716	46437	62440	72051	67374	67771	Senegal
69	Ceramic products	36602	34096	38644	38715	44205	44612	33409	41151	51526	67462	70334	63895	Senegal
31	Fertilisers	39313	38096	28383	64704	51182	54161	39288	42582	37690	39548	57383	58741	Senegal
03	Fish and crustaceans, molluscs and other aquatic invertebrates	629	5346	17109	14468	15637	14184	19547	20105	35454	83688	60178	56617	Senegal
44	Wood and articles of wood; wood charcoal	51135	49086	55455	57512	54040	57393	46196	46710	50640	58449	62783	56292	Senegal
63	Other made-up textile articles; sets; worn clothing and worn textile articles; rags	56028	47285	41710	44146	62040	53617	54236	38071	45929	53128	54496	56278	Senegal
28	Inorganic chemicals; organic or inorganic compounds of precious metals, of rare-earth metals, ...	28963	26661	31502	41890	40159	48105	32878	33719	42048	44506	52478	55115	Senegal
33	Essential oils and resinoids; perfumery, cosmetic or toilet preparations	30316	26648	34651	43056	44740	49384	40641	46684	52011	54884	56243	52452	Senegal
76	Aluminium and articles thereof	23825	14076	15882	23966	27367	31108	27782	30203	53547	48999	81539	52367	Senegal
23	Residues and waste from the food industries; prepared animal fodder	4997	10208	4148	16034	21509	13301	23773	31640	33610	39695	33532	51188	Senegal
89	Ships, boats and floating structures	3765	3014	8869	57419	20591	3170	16715	17880	23134	109554	81817	50488	Senegal
22	Beverages, spirits and vinegar	28286	27961	32054	33100	34156	34207	33113	32311	38534	37706	45562	50195	Senegal
55	Man-made staple fibres	13421	17011	27769	30492	32797	35264	41964	46231	48298	51905	51367	46778	Senegal
20	Preparations of vegetables, fruit, nuts or other parts of plants	21458	17705	25211	26606	31177	28078	34838	38247	40575	38118	41195	46081	Senegal
08	Edible fruit and nuts; peel of citrus fruit or melons	23536	24236	22950	22302	25398	23545	22234	22567	28328	36432	42250	44642	Senegal
24	Tobacco and manufactured tobacco substitutes	49625	18806	32400	47458	66965	69323	65239	41888	53354	60706	37006	42896	Senegal
86	Railway or tramway locomotives, rolling stock and parts thereof; railway or tramway track fixtures ...	3444	3258	2241	14266	14151	4394	4095	6071	5696	19216	166235	42189	Senegal
74	Copper and articles thereof	12819	10135	10770	20931	21588	25382	20689	17986	26037	27844	30509	31637	Senegal
34	Soap, organic surface-active agents, washing preparations, lubricating preparations, artificial ...	25542	18908	26250	25962	26404	28553	16145	16644	18502	26788	33462	25800	Senegal
93	Arms and ammunition; parts and accessories thereof	1435	2229	2640	1245	3189	3036	4578	5229	16318	2866	11367	24062	Senegal
32	Tanning or dyeing extracts; tannins and their derivatives; dyes, pigments and other colouring ...	15670	13426	15026	17173	19449	17626	17617	18122	20139	25998	24586	23879	Senegal
11	Products of the milling industry; malt; starches; inulin; wheat gluten	16138	12339	20537	23374	30997	28134	25665	19663	15260	22394	19866	23831	Senegal
62	Articles of apparel and clothing accessories, not knitted or crocheted	10714	10453	12300	10997	12008	14646	11016	11153	12629	14576	19608	22329	Senegal
70	Glass and glassware	15631	15293	16047	16198	17258	22524	16691	16946	20589	26911	23033	20934	Senegal
96	Miscellaneous manufactured articles	4693	4820	4676	5366	5638	5948	11306	14051	14334	17868	19807	20080	Senegal
12	Oil seeds and oleaginous fruits; miscellaneous grains, seeds and fruit; industrial or medicinal ...	10465	9238	14749	16840	13438	20766	15481	14707	14014	23573	25923	19898	Senegal
83	Miscellaneous articles of base metal	12777	8610	8900	9062	12693	10909	9504	11557	9618	22354	17544	16913	Senegal
64	Footwear, gaiters and the like; parts of such articles	21388	19510	16021	15065	13837	15231	10941	10880	10887	11553	17007	15792	Senegal
02	Meat and edible meat offal	15602	12269	11283	11542	10622	8979	8409	10000	12963	13890	14098	14284	Senegal
09	Coffee, tea, maté and spices	14359	12853	11813	11969	11543	12799	13005	13932	14859	20960	14907	13628	Senegal
54	Man-made filaments; strip and the like of man-made textile materials	9500	9085	11144	11056	14813	15202	16551	13654	14223	14800	17461	12994	Senegal
82	Tools, implements, cutlery, spoons and forks, of base metal; parts thereof of base metal	8463	7166	23981	11523	9979	20925	15259	16463	16002	11808	12249	12463	Senegal
61	Articles of apparel and clothing accessories, knitted or crocheted	9510	8989	8726	7432	7247	7427	7153	6525	7517	8744	10411	10878	Senegal
68	Articles of stone, plaster, cement, asbestos, mica or similar materials	6182	7541	6629	7272	8087	12343	10643	8859	8803	30322	14070	10488	Senegal
56	Wadding, felt and nonwovens; special yarns; twine, cordage, ropes and cables and articles thereof	5334	7027	8296	9247	9389	8218	9282	8207	11399	11659	10414	10391	Senegal
52	Cotton	18411	12639	10459	10072	9677	10017	6590	7249	5399	10060	11155	9229	Senegal
35	Albuminoidal substances; modified starches; glues; enzymes	5442	4214	4081	6751	8233	8026	7228	6864	7840	8635	8420	8493	Senegal
49	Printed books, newspapers, pictures and other products of the printing industry; manuscripts, ...	23130	18948	17716	16584	16612	23607	16688	14079	11052	11435	11422	8200	Senegal
42	Articles of leather; saddlery and harness; travel goods, handbags and similar containers; articles ...	5217	4902	5174	4672	5643	6119	4777	5713	6060	7148	8757	7672	Senegal
18	Cocoa and cocoa preparations	5244	3862	6304	6172	8686	8281	5641	6125	6369	7545	8862	7179	Senegal
95	Toys, games and sports requisites; parts and accessories thereof	3623	4020	4894	3831	4523	4348	3923	4601	4511	7005	6172	7068	Senegal
16	Preparations of meat, of fish or of crustaceans, molluscs or other aquatic invertebrates	3107	2428	2839	2722	6343	3603	2859	4720	3729	4181	4656	5020	Senegal
58	Special woven fabrics; tufted textile fabrics; lace; tapestries; trimmings; embroidery	1960	1627	1593	1716	2367	2423	2031	3236	2145	4944	5165	4631	Senegal
36	Explosives; pyrotechnic products; matches; pyrophoric alloys; certain combustible preparations	3224	3245	6317	6118	6091	4453	3152	3344	4631	4568	5313	4557	Senegal
88	Aircraft, spacecraft, and parts thereof	2456	767	70344	4004	4940	2238	1010	1143	4981	1971	2055	3907	Senegal
57	Carpets and other textile floor coverings	2075	1912	2198	2331	2160	3137	1664	1652	2011	3238	3304	3360	Senegal
65	Headgear and parts thereof	1003	884	903	777	962	1090	810	939	3868	1297	1776	3310	Senegal
71	Natural or cultured pearls, precious or semi-precious stones, precious metals, metals clad ...	3936	3824	4072	2969	3187	2496	2326	2724	2465	3106	3728	2521	Senegal
26	Ores, slag and ash	22	2288	35	97	1250	1365	1429	1522	1402	2448	2640	2449	Senegal
59	Impregnated, coated, covered or laminated textile fabrics; textile articles of a kind suitable ...	1149	1172	1206	1119	2163	1952	1370	3945	1770	1947	2187	2189	Senegal
37	Photographic or cinematographic goods	2765	2334	2384	1943	2252	1423	1397	1837	1399	1713	1212	1968	Senegal
47	Pulp of wood or of other fibrous cellulosic material; recovered (waste and scrap) paper or ...	637	460	736	747	622	880	853	683	899	988	906	1796	Senegal
79	Zinc and articles thereof	1736	1511	1397	2984	2425	2718	2027	1033	593	946	2023	1476	Senegal
01	Live animals	930	627	897	928	1055	1168	2424	1302	4488	1893	4494	1426	Senegal
06	Live trees and other plants; bulbs, roots and the like; cut flowers and ornamental foliage	286	265	317	449	278	282	255	208	249	637	1313	801	Senegal
91	Clocks and watches and parts thereof	699	638	642	422	566	2084	626	599	780	1147	1254	547	Senegal
53	Other vegetable textile fibres; paper yarn and woven fabrics of paper yarn	435	145	88	114	74	141	328	223	683	533	1315	495	Senegal
78	Lead and articles thereof	256	35	77	306	247	50	76	35	1321	107	112	473	Senegal
41	Raw hides and skins (other than furskins) and leather	287	298	523	276	682	610	357	390	323	528	365	399	Senegal
67	Prepared feathers and down and articles made of feathers or of down; artificial flowers; articles ...	527	869	676	507	384	656	328	363	249	444	621	383	Senegal
75	Nickel and articles thereof	94	14	24	88	22	26	24	117	73	77	45	370	Senegal
51	Wool, fine or coarse animal hair; horsehair yarn and woven fabric	49	86	160	104	194	170	134	126	164	172	366	331	Senegal
50	Silk	5625	165	122	119	89	210	286	305	200	181	200	274	Senegal
66	Umbrellas, sun umbrellas, walking sticks, seat-sticks, whips, riding-crops and parts thereof	332	304	380	226	382	437	135	255	177	341	109	171	Senegal
81	Other base metals; cermets; articles thereof	75	30	16	84	130	61	499	16	4	31	131	167	Senegal
13	Lac; gums, resins and other vegetable saps and extracts	265	465	332	258	262	408	342	350	362	531	545	156	Senegal
97	Works of art, collectors' pieces and antiques	245	257	69	234	203	202	119	91	137	158	734	111	Senegal
45	Cork and articles of cork	87	55	111	92	177	129	108	82	138	124	113	102	Senegal
60	Knitted or crocheted fabrics	81	96	83	312	194	130	76	35	137	50	140	91	Senegal
05	Products of animal origin, not elsewhere specified or included	96	124	322	377	97	77	83	153	429	255	120	69	Senegal
92	Musical instruments; parts and accessories of such articles	56	35	44	372	120	124	283	30	702	223	46	49	Senegal
46	Manufactures of straw, of esparto or of other plaiting materials; basketware and wickerwork	80	57	57	85	101	29	109	67	74	90	55	30	Senegal
80	Tin and articles thereof	42	35	82	47	49	56	10	10	9	21	22	20	Senegal
43	Furskins and artificial fur; manufactures thereof	2	7	10	4	1	5	14	2	1	2	3	5	Senegal
14	Vegetable plaiting materials; vegetable products not elsewhere specified or included	105	131	39	28	153	54	11	19	22	188	60	2	Senegal
TOTAL	All products	140928421	185544332	240841676	236545141	260822803	251142429	207235628	198601934	233799651	223046879	210346890	219514373	Turkey
27	Mineral fuels, mineral oils and products of their distillation; bituminous substances; mineral ...	29905305	38497229	54117539	60117407	57752649	56175583	37843295	27155187	37204849	43005619	41733277	28925039	Turkey
71	Natural or cultured pearls, precious or semi-precious stones, precious metals, metals clad ...	2003646	3036955	7022384	8529039	16243515	8130798	4183470	7204353	17443552	12556742	13366642	26590853	Turkey
84	Machinery, mechanical appliances, nuclear reactors, boilers; parts thereof	17131962	21266830	27110683	26315986	31567364	29061369	25586708	27296283	27164479	25769824	22158719	25271976	Turkey
85	Electrical machinery and equipment and parts thereof; sound recorders and reproducers, television ...	12243100	14641851	16835117	16279708	18534283	18863590	17637684	20134976	21152440	16569507	15450119	17139594	Turkey
87	Vehicles other than railway or tramway rolling stock, and parts and accessories thereof	8975864	13419356	17184080	14514293	17764626	16655565	17543566	17840604	17427897	13895044	10008035	15291564	Turkey
72	Iron and steel	11351640	16120796	20424235	19642041	18677999	17765157	14775094	12575455	16761929	18401452	15049697	15102954	Turkey
39	Plastics and articles thereof	6944490	9730432	12578501	12505398	14079608	14373292	12268261	11627786	13264846	12937362	11799994	11738222	Turkey
29	Organic chemicals	3341722	4400234	5504435	5064621	5515176	6088657	4715525	4359305	5387761	5973219	5965247	5888509	Turkey
30	Pharmaceutical products	4080491	4410051	4697445	3995652	4353048	4699801	4296440	4217109	4449096	4363425	4911311	4958182	Turkey
90	Optical, photographic, cinematographic, measuring, checking, precision, medical or surgical ...	2833287	3437706	4116482	4055515	4709948	4951684	4621134	4632094	4999037	4684058	4505158	4753667	Turkey
88	Aircraft, spacecraft, and parts thereof	1049721	3156117	3932966	3157690	2454807	3120452	3829966	4310417	2675592	2582741	3528230	3767943	Turkey
76	Aluminium and articles thereof	1602482	2487744	3258885	2984940	3345876	3679082	3333532	2865841	3469055	3872390	3636636	3407698	Turkey
10	Cereals	1202124	1056747	1931748	1514664	2024838	2579986	1664966	1150612	1693433	2025242	3523538	3281063	Turkey
74	Copper and articles thereof	1985367	3299333	4118790	3877850	3823812	3703761	2985103	2724024	3326513	3344076	3032689	3211906	Turkey
40	Rubber and articles thereof	1555423	2321559	3361769	3035500	3147790	2906928	2525199	2560848	2951169	2803174	2601503	2692341	Turkey
52	Cotton	2098707	3385753	3608860	2377563	3088098	3158281	2264729	2297306	2995031	2508500	2629313	2543331	Turkey
73	Articles of iron or steel	1526071	1966864	2521135	2367176	3068350	2913553	2742252	2981949	2957422	2825004	2604847	2459952	Turkey
48	Paper and paperboard; articles of paper pulp, of paper or of paperboard	2214106	2819742	3109936	2882668	3112428	3190868	2683943	2684713	2811917	2749839	2530897	2428686	Turkey
38	Miscellaneous chemical products	1473007	1795445	2204854	2053156	2156375	2294815	2049529	2024133	2212861	2281790	2194315	2390223	Turkey
12	Oil seeds and oleaginous fruits; miscellaneous grains, seeds and fruit; industrial or medicinal ...	1054493	1558753	1697105	1670780	1727140	2316562	1884792	1819617	1921951	1891648	2111212	2383437	Turkey
32	Tanning or dyeing extracts; tannins and their derivatives; dyes, pigments and other colouring ...	1276064	1545047	1884497	1828419	1977687	2164104	1808606	1738944	2009130	2015691	1940582	1962059	Turkey
54	Man-made filaments; strip and the like of man-made textile materials	1243638	1685962	2007424	2173333	2115003	2402958	2096757	2133525	2286708	2160295	2280426	1801284	Turkey
23	Residues and waste from the food industries; prepared animal fodder	556349	739080	856288	1320911	1717448	1468558	1116165	1326940	1571324	1446485	1703849	1766507	Turkey
15	Animal or vegetable fats and oils and their cleavage products; prepared edible fats; animal ...	1094195	990266	1602447	1865299	1815836	2092826	1860664	1752812	1476557	1158472	1241597	1636115	Turkey
28	Inorganic chemicals; organic or inorganic compounds of precious metals, of rare-earth metals, ...	1091697	1423768	1721687	1592243	1605065	1631434	1388784	1219692	1443288	1553759	1634626	1528121	Turkey
55	Man-made staple fibres	1519976	2089035	2467117	2223177	2174622	2153716	1966222	1954146	2148967	2016436	1881403	1309081	Turkey
26	Ores, slag and ash	962310	998513	1265614	1260226	1224480	1063078	888444	769290	1125728	1276472	1238602	1229909	Turkey
33	Essential oils and resinoids; perfumery, cosmetic or toilet preparations	839860	984293	1071449	1027870	1422910	1460255	1101905	1113790	1200318	1141906	1261354	1160538	Turkey
31	Fertilisers	1057507	1016777	1374434	1382438	1613008	1593010	1250919	1275609	1364695	1214947	1421802	1129054	Turkey
34	Soap, organic surface-active agents, washing preparations, lubricating preparations, artificial ...	521366	625558	813407	806543	903009	904749	779400	772613	881178	901224	864886	946409	Turkey
47	Pulp of wood or of other fibrous cellulosic material; recovered (waste and scrap) paper or ...	342629	544956	602625	560063	644359	685923	737712	742889	949662	1088463	997960	935874	Turkey
08	Edible fruit and nuts; peel of citrus fruit or melons	312392	315153	393504	457223	740473	857322	464566	540776	570018	562841	937968	904029	Turkey
70	Glass and glassware	474579	616665	704808	643240	862087	918818	780398	799351	844534	782096	772592	842818	Turkey
62	Articles of apparel and clothing accessories, not knitted or crocheted	1157344	1550023	1874030	1497894	1702134	1700279	1790830	1693895	1342511	1068925	914314	749035	Turkey
21	Miscellaneous edible preparations	329422	375926	478560	467089	564310	617286	596452	584916	664594	650891	629252	724383	Turkey
94	Furniture; bedding, mattresses, mattress supports, cushions and similar stuffed furnishings; ...	789849	1080935	1389296	1204663	1488767	1569026	1376397	1007000	946807	843292	758159	720772	Turkey
89	Ships, boats and floating structures	1202471	1040619	1507304	1005739	865260	446300	532257	358648	2679431	884705	1015462	710649	Turkey
18	Cocoa and cocoa preparations	306351	406759	489528	465048	531976	629699	556488	551468	619093	507580	627713	708979	Turkey
79	Zinc and articles thereof	252243	433671	493541	485687	527330	612805	553931	567516	879377	851166	722156	672006	Turkey
83	Miscellaneous articles of base metal	500458	673995	793873	754197	860666	927037	834051	795771	852027	792619	683328	666488	Turkey
24	Tobacco and manufactured tobacco substitutes	400124	368274	400500	487427	1122459	1158503	537725	590525	529369	608390	749937	665339	Turkey
07	Edible vegetables and certain roots and tubers	246209	315398	368260	280315	565246	739666	456191	456733	524485	386282	525542	630446	Turkey
82	Tools, implements, cutlery, spoons and forks, of base metal; parts thereof of base metal	398040	583070	787149	773550	810681	852775	711857	612156	616696	590819	579347	597740	Turkey
61	Articles of apparel and clothing accessories, knitted or crocheted	752858	1007371	1084866	843388	891582	929341	859747	789677	735652	621304	617542	543960	Turkey
64	Footwear, gaiters and the like; parts of such articles	539468	659674	871464	863682	1020115	1000375	794567	734370	676127	622793	539197	498039	Turkey
22	Beverages, spirits and vinegar	128229	138969	212984	213852	408402	423122	285530	249463	284918	234906	338823	466497	Turkey
68	Articles of stone, plaster, cement, asbestos, mica or similar materials	326666	428009	541500	499849	602774	620803	534789	524210	519918	448182	421241	463771	Turkey
35	Albuminoidal substances; modified starches; glues; enzymes	366536	429274	492773	494950	537339	555470	466029	435594	464323	455121	449948	460344	Turkey
01	Live animals	33664	333080	1028121	852074	346448	139891	322768	603822	1212194	1767909	700574	446859	Turkey
44	Wood and articles of wood; wood charcoal	731506	1098395	1427787	1619739	1587506	1507003	1505157	1265053	1132786	827893	423504	444065	Turkey
86	Railway or tramway locomotives, rolling stock and parts thereof; railway or tramway track fixtures ...	742838	526476	746297	549515	480838	463355	365404	416824	418265	184991	203117	442933	Turkey
96	Miscellaneous manufactured articles	299201	387302	444621	498263	562676	620972	519303	568760	524577	463382	451677	424286	Turkey
56	Wadding, felt and nonwovens; special yarns; twine, cordage, ropes and cables and articles thereof	373035	420359	419178	340011	421094	449631	412015	333471	375250	346584	345440	416281	Turkey
25	Salt; sulphur; earths and stone; plastering materials, lime and cement	259647	314261	442079	426419	396954	425716	391901	378548	416639	485839	407195	390004	Turkey
59	Impregnated, coated, covered or laminated textile fabrics; textile articles of a kind suitable ...	218698	285182	362464	314990	404282	425245	320584	311817	353634	359067	398437	376996	Turkey
53	Other vegetable textile fibres; paper yarn and woven fabrics of paper yarn	146315	256953	260728	274956	265373	282047	255820	238367	319944	263315	316020	359666	Turkey
60	Knitted or crocheted fabrics	230459	372156	559106	354107	438066	458948	432878	433442	514345	402327	403939	344650	Turkey
09	Coffee, tea, maté and spices	73271	103376	118020	136177	175646	187841	199779	215998	319580	266302	333448	343749	Turkey
69	Ceramic products	274524	390251	451906	445860	485769	571685	508565	374053	339826	342634	301718	342184	Turkey
93	Arms and ammunition; parts and accessories thereof	109281	152277	122892	209303	196194	162527	185752	108534	248918	365255	239925	293146	Turkey
95	Toys, games and sports requisites; parts and accessories thereof	336318	471824	654178	604266	703308	723769	588284	608844	609049	459364	282818	280993	Turkey
42	Articles of leather; saddlery and harness; travel goods, handbags and similar containers; articles ...	366088	408836	479334	484429	572561	598905	486425	348839	300937	245762	343202	276563	Turkey
78	Lead and articles thereof	145019	179709	226385	227155	231734	283557	206608	215557	308403	323950	271626	261747	Turkey
17	Sugars and sugar confectionery	56014	52453	63464	97261	132041	182841	165716	257161	207586	171190	187621	234854	Turkey
81	Other base metals; cermets; articles thereof	65968	86328	108233	111246	164809	168659	127297	139746	164815	179571	265498	222073	Turkey
91	Clocks and watches and parts thereof	180076	253281	315055	280836	356122	347090	299339	260422	283900	277987	258830	221680	Turkey
63	Other made-up textile articles; sets; worn clothing and worn textile articles; rags	110793	146877	206780	161191	221365	257908	196353	207135	185329	162366	181574	220649	Turkey
75	Nickel and articles thereof	121598	168362	215882	196931	187989	195521	185616	159801	172637	229320	299698	218349	Turkey
19	Preparations of cereals, flour, starch or milk; pastrycooks' products	147458	169328	198335	190741	236069	233343	213004	206670	217591	211092	219127	211420	Turkey
51	Wool, fine or coarse animal hair; horsehair yarn and woven fabric	308114	369955	458349	401514	392506	400485	291263	241472	272938	285117	279641	204270	Turkey
99	Commodities not elsewhere specified	429421	364865	472500	751019	311651	264775	260079	270100	370004	429286	189580	197661	Turkey
41	Raw hides and skins (other than furskins) and leather	296794	473295	722179	684594	696331	533277	286961	228795	259512	265464	231904	184608	Turkey
03	Fish and crustaceans, molluscs and other aquatic invertebrates	105915	133830	173887	176497	193653	200856	244374	174616	223161	184809	190707	149433	Turkey
20	Preparations of vegetables, fruit, nuts or other parts of plants	55024	62915	90361	76973	138888	164987	114278	78999	75849	66603	149157	149124	Turkey
11	Products of the milling industry; malt; starches; inulin; wheat gluten	33926	52782	67454	79723	98611	105823	107251	126395	140997	123465	110637	131694	Turkey
58	Special woven fabrics; tufted textile fabrics; lace; tapestries; trimmings; embroidery	129442	173847	198877	179781	207187	223121	192078	194718	209193	194197	229006	131115	Turkey
04	Dairy produce; birds' eggs; natural honey; edible products of animal origin, not elsewhere ...	117049	128277	105212	116609	188391	225055	147946	110077	121209	128409	149540	121895	Turkey
37	Photographic or cinematographic goods	217268	223866	239922	214223	223316	199247	156804	145586	136164	128083	137927	118430	Turkey
49	Printed books, newspapers, pictures and other products of the printing industry; manuscripts, ...	127847	138097	170942	166170	185144	188593	158906	133161	140968	117731	109878	101434	Turkey
80	Tin and articles thereof	27508	55019	76950	49946	64042	63337	51067	48777	69132	72840	85903	82857	Turkey
02	Meat and edible meat offal	1600	250174	513600	97179	237750	207459	106852	42001	87360	265887	87677	74286	Turkey
13	Lac; gums, resins and other vegetable saps and extracts	27559	32122	36700	38259	45702	43905	39577	42599	43861	51754	50844	60005	Turkey
05	Products of animal origin, not elsewhere specified or included	28954	38273	56551	50507	49578	61236	50887	46812	58348	59529	55628	52550	Turkey
57	Carpets and other textile floor coverings	141494	181415	194098	176995	186782	175531	103500	65153	59005	53075	58232	43682	Turkey
36	Explosives; pyrotechnic products; matches; pyrophoric alloys; certain combustible preparations	29461	35951	52854	48003	54643	58826	55052	47137	51213	57552	44916	42842	Turkey
06	Live trees and other plants; bulbs, roots and the like; cut flowers and ornamental foliage	37019	49757	67584	67716	93118	93255	81385	87253	83019	60491	43034	41499	Turkey
92	Musical instruments; parts and accessories of such articles	27991	36772	41120	42295	37373	34053	34201	31274	34272	33818	32702	33736	Turkey
65	Headgear and parts thereof	30276	42197	52802	50701	59091	68499	65699	64840	60900	40632	27662	32002	Turkey
43	Furskins and artificial fur; manufactures thereof	51474	81910	105348	108815	119372	99897	37621	29308	43955	43788	47082	26341	Turkey
50	Silk	32765	39865	44647	35054	46273	48449	38057	32739	32896	32815	31272	20916	Turkey
67	Prepared feathers and down and articles made of feathers or of down; artificial flowers; articles ...	25855	31308	37591	34315	36000	42063	41040	39277	32732	26864	24031	19743	Turkey
16	Preparations of meat, of fish or of crustaceans, molluscs or other aquatic invertebrates	3036	4267	2889	4200	9151	25848	14080	10796	7451	4826	10241	16143	Turkey
14	Vegetable plaiting materials; vegetable products not elsewhere specified or included	4271	6860	8393	7445	10336	12823	12775	10910	12137	9666	10182	13951	Turkey
46	Manufactures of straw, of esparto or of other plaiting materials; basketware and wickerwork	8831	12341	14221	10457	12260	11628	10167	8633	8591	8533	9270	11274	Turkey
66	Umbrellas, sun umbrellas, walking sticks, seat-sticks, whips, riding-crops and parts thereof	27085	41787	48869	32014	32977	31255	40925	35277	22642	8505	9143	9752	Turkey
97	Works of art, collectors' pieces and antiques	13481	22548	41549	40766	55724	55287	35597	42376	32468	24778	10014	7507	Turkey
45	Cork and articles of cork	5349	6433	7501	7943	7352	7382	6063	5057	5209	5540	5104	5088	Turkey
TOTAL	All products	1601895800	1968259901	2263619100	2334677700	2326590200	2410855500	2315889217	2249113117	2406075845	2609126878	2563536173	2406931650	USA
84	Machinery, mechanical appliances, nuclear reactors, boilers; parts thereof	207524194	255407350	294378904	315095389	311300329	331205458	330271770	315350475	348572807	384981508	377872961	361173660	USA
85	Electrical machinery and equipment and parts thereof; sound recorders and reproducers, television ...	217770988	262956516	283319355	296413164	303213067	319671075	333456191	335582652	355992790	366231793	351073776	343401025	USA
87	Vehicles other than railway or tramway rolling stock, and parts and accessories thereof	133354532	185981678	206182707	244174855	253081966	265323956	284393481	284712023	294222029	306129608	309650401	254386528	USA
30	Pharmaceutical products	55904583	61975885	66150067	65004006	63313660	73042299	86033116	92512013	96878977	115524732	128134846	139430771	USA
27	Mineral fuels, mineral oils and products of their distillation; bituminous substances; mineral ...	279146203	364169509	462775842	432713698	389365180	358259447	200765686	163138185	204023251	241666711	209785222	130630108	USA
71	Natural or cultured pearls, precious or semi-precious stones, precious metals, metals clad ...	37191801	52859464	67032353	62822893	64465513	64072251	60292751	67280606	59864415	60765216	58059743	106986724	USA
99	Commodities not elsewhere specified	55301867	56113571	60460054	66834557	70889599	74105015	85143943	86398617	90973753	101560675	113602706	102479372	USA
90	Optical, photographic, cinematographic, measuring, checking, precision, medical or surgical ...	50803943	59793862	67081200	69799847	72111007	76226166	78543473	80548282	85994600	93313384	96566965	90552472	USA
94	Furniture; bedding, mattresses, mattress supports, cushions and similar stuffed furnishings; ...	32472699	41278015	43058201	47855696	51335977	55782891	61204082	63153427	66944790	71856672	66842480	65457994	USA
39	Plastics and articles thereof	29906968	36909554	41407087	44249296	46376567	50128863	50373200	50376130	54713764	61719974	60355031	62342457	USA
29	Organic chemicals	45810683	48869923	57130766	54537754	54538159	54711121	52067186	49783079	46095545	54590299	54748556	56420109	USA
61	Articles of apparel and clothing accessories, knitted or crocheted	34668152	39949253	43285857	42598146	44423860	46627468	48514242	45417624	45745754	47681654	48160270	38254141	USA
95	Toys, games and sports requisites; parts and accessories thereof	28277723	31168652	29019702	28315060	27923982	28882918	31287861	30456454	32705633	34377085	33960781	36344231	USA
73	Articles of iron or steel	25569371	28272508	33880172	39709307	36250209	39706132	38749491	33605579	39107778	43146053	40887369	35987330	USA
62	Articles of apparel and clothing accessories, not knitted or crocheted	32127205	35696560	38246891	38089455	39319973	39099513	40574266	38551531	37804711	39014939	39224194	32911543	USA
63	Other made-up textile articles; sets; worn clothing and worn textile articles; rags	9908282	11856454	12464556	12712647	13405321	13901702	14883555	14603419	15338411	16137772	16743414	31248825	USA
40	Rubber and articles thereof	16255988	22948120	29248048	29862326	28699419	29053980	27904596	26164158	27894996	29924958	30007725	28493182	USA
88	Aircraft, spacecraft, and parts thereof	18465618	18911013	21633822	24411528	29585078	34469899	35344231	31042720	30918270	31919729	35446639	28376752	USA
22	Beverages, spirits and vinegar	15476651	16502697	18692822	20748026	21130293	21206260	22202550	23291688	24674840	26070463	27514235	26885144	USA
44	Wood and articles of wood; wood charcoal	10501017	12193618	11982385	13720213	16103856	17434640	18005954	19517700	21096360	22574631	19204648	22578485	USA
64	Footwear, gaiters and the like; parts of such articles	18245270	21928568	23651479	24863320	25776428	27044539	28725306	26550453	26605936	27536020	28170640	21503889	USA
08	Edible fruit and nuts; peel of citrus fruit or melons	8933831	10005583	10918610	11378334	12472835	13969901	15427934	16716509	18097721	18911060	19546626	19473401	USA
76	Aluminium and articles thereof	12003361	14721255	16206445	15969678	15678772	17114460	17866316	18732153	23377819	24218718	22238106	19044666	USA
72	Iron and steel	13052702	22516681	29666949	30452428	26732093	36000222	27867709	22460117	28812147	31036005	24483024	18799947	USA
38	Miscellaneous chemical products	7593671	9057387	11094768	11477673	12382801	12661231	13190838	13835878	13825020	15298503	14962800	18473882	USA
03	Fish and crustaceans, molluscs and other aquatic invertebrates	10639903	11827209	13351400	13349819	14689190	16689405	15482352	16366242	17901364	18517128	18498917	17534600	USA
48	Paper and paperboard; articles of paper pulp, of paper or of paperboard	15563130	16539108	17051646	15994575	16317941	16969186	16683809	16236525	16367623	18017445	17258375	15671092	USA
33	Essential oils and resinoids; perfumery, cosmetic or toilet preparations	7229899	8242518	9140577	9755253	10774901	11546996	12074886	12543663	13538552	15071822	14566329	13558175	USA
07	Edible vegetables and certain roots and tubers	5832223	6992850	7780993	7950329	8768945	8953995	9284943	10309868	10287245	10931576	11447020	12781380	USA
83	Miscellaneous articles of base metal	6581301	8244955	9121224	9848332	10425061	10820839	11543228	11584356	12080159	13261604	13063839	12383723	USA
28	Inorganic chemicals; organic or inorganic compounds of precious metals, of rare-earth metals, ...	11827118	15008633	18553609	16764901	15438101	14264020	13149867	11761557	11530668	13329762	12778741	10336778	USA
82	Tools, implements, cutlery, spoons and forks, of base metal; parts thereof of base metal	5509227	7097241	8021453	8646202	9054555	9492938	9794470	9383516	10119466	11208237	10676639	10287164	USA
42	Articles of leather; saddlery and harness; travel goods, handbags and similar containers; articles ...	8556312	10524278	11721894	12730972	13412700	13871141	14303352	13177536	13461602	14349051	13253631	10177221	USA
21	Miscellaneous edible preparations	3100978	3515704	3863748	4152740	4304949	4339798	4392820	4511230	4805136	7942133	8596347	9780681	USA
19	Preparations of cereals, flour, starch or milk; pastrycooks' products	4149527	4622234	5113064	5380812	5664325	5888333	6291762	6893175	7362454	8172483	8799776	9530261	USA
02	Meat and edible meat offal	4140878	4721984	5258149	5781030	6021621	8433931	9361445	7908001	8203503	8427273	8764327	9453185	USA
20	Preparations of vegetables, fruit, nuts or other parts of plants	5653660	5935851	6938875	7238043	7276820	7432227	7720705	7939717	8558855	9299416	8977235	9155121	USA
74	Copper and articles thereof	6406773	8943270	11550838	10335313	10729669	9706143	8411764	7542739	10098842	10957034	9604387	9060351	USA
68	Articles of stone, plaster, cement, asbestos, mica or similar materials	4504549	5062562	5503277	5946884	6696907	7246553	7789918	7820997	8399133	8862636	8497159	8011738	USA
09	Coffee, tea, maté and spices	4887596	5942352	9384949	8352471	7186051	7881468	8176537	7939328	8661451	8027932	8055777	7898043	USA
70	Glass and glassware	4641642	5737945	6106290	6377071	6613678	7446792	7878244	7824466	7931370	8704970	8123242	7473414	USA
15	Animal or vegetable fats and oils and their cleavage products; prepared edible fats; animal ...	3980883	4549092	6861383	6219968	6118468	6154634	6018221	6402909	7183362	7080413	6465645	6853645	USA
96	Miscellaneous manufactured articles	3305963	3862341	4092756	5266534	5465746	5836809	6360790	6703164	6412886	6730665	6796448	6498414	USA
69	Ceramic products	3962698	5059830	5653017	5713728	5954835	6357267	6442258	6275329	6655290	7183400	6987087	6327767	USA
16	Preparations of meat, of fish or of crustaceans, molluscs or other aquatic invertebrates	3719027	4011990	4584104	4669225	4731038	5113541	4958332	4808516	5430258	5982331	5652912	6079000	USA
31	Fertilisers	4385484	7067568	9624939	9268855	8448269	8644423	8394406	5766540	6060853	7140202	7031724	5794657	USA
97	Works of art, collectors' pieces and antiques	5062701	6275655	6925172	7823687	9095188	9219535	11687985	9873756	10399066	11856716	11827974	5277982	USA
18	Cocoa and cocoa preparations	3592364	4415589	4806674	4216249	4279325	4851677	4983838	5208799	5145821	4856583	5126701	5188544	USA
34	Soap, organic surface-active agents, washing preparations, lubricating preparations, artificial ...	2151375	2534364	2745199	2961433	3028183	3235595	3230171	3244572	3432341	3775681	3808818	5095548	USA
17	Sugars and sugar confectionery	3041692	3940983	4962694	4552296	3988816	4148550	4225248	4372999	4250306	4367439	4434899	4907383	USA
32	Tanning or dyeing extracts; tannins and their derivatives; dyes, pigments and other colouring ...	2512805	3215628	3561372	3877249	3948465	4092291	3947766	3864759	4127647	4565987	4397391	4328755	USA
91	Clocks and watches and parts thereof	3153272	3837532	4928487	4932923	5230110	5515521	5831157	5134308	4897108	4809437	5200702	4280054	USA
25	Salt; sulphur; earths and stone; plastering materials, lime and cement	2397524	2859261	3476164	3435226	3256415	3628149	3762177	3298436	3756738	4552436	4477537	4046243	USA
49	Printed books, newspapers, pictures and other products of the printing industry; manuscripts, ...	4133329	4498304	4385152	4389812	4395659	4431426	4670535	4565739	4610342	4813007	4921503	4009738	USA
93	Arms and ammunition; parts and accessories thereof	2855838	2784357	2685492	3200627	3751463	3277895	3058532	3442400	3018027	2955889	2857993	3868334	USA
23	Residues and waste from the food industries; prepared animal fodder	1302037	1498316	2090978	2669831	2902499	3123666	2983009	2813975	2935037	3341478	3377607	3700355	USA
35	Albuminoidal substances; modified starches; glues; enzymes	1800380	2086713	2377948	2551077	2530698	2768140	2801874	2703315	2684929	2725314	2906409	3124046	USA
47	Pulp of wood or of other fibrous cellulosic material; recovered (waste and scrap) paper or ...	2557341	4042603	4176528	3501860	3779114	3753136	3430770	3140765	3301624	3910799	3585447	3114404	USA
57	Carpets and other textile floor coverings	1571576	1848137	2025801	2154707	2286063	2579823	2650210	2789508	2903767	3256483	3044254	3094209	USA
56	Wadding, felt and nonwovens; special yarns; twine, cordage, ropes and cables and articles thereof	1333757	1624668	1764792	1811387	1938802	2068360	2233027	2185557	2223598	2514599	2503005	3089873	USA
01	Live animals	2032352	2384381	2345539	2642888	2672100	3572882	3323771	2823247	2845111	2779998	3045490	2957826	USA
04	Dairy produce; birds' eggs; natural honey; edible products of animal origin, not elsewhere ...	1701902	1772100	2036952	2174446	2300439	2603318	2820395	2508090	2601450	2692676	2774123	2702095	USA
10	Cereals	2187166	1989199	2318505	3320471	4361816	3458935	2799143	2310866	2466763	2697611	2470433	2682077	USA
06	Live trees and other plants; bulbs, roots and the like; cut flowers and ornamental foliage	1578544	1719629	1787025	1861411	1912913	1967406	2011792	2164139	2277650	2434561	2583272	2558231	USA
12	Oil seeds and oleaginous fruits; miscellaneous grains, seeds and fruit; industrial or medicinal ...	1674519	1711264	2128204	2423851	3061914	3730605	2668347	2431515	2454251	2526787	2395425	2510670	USA
59	Impregnated, coated, covered or laminated textile fabrics; textile articles of a kind suitable ...	1531696	1971061	2203783	2253483	2347230	2512611	2509261	2549823	2668614	2865537	2723290	2426826	USA
75	Nickel and articles thereof	1892084	3263445	4058189	3335348	2859001	3440793	2629095	1972097	2419624	2949402	2923882	2381320	USA
65	Headgear and parts thereof	1431566	1764386	2104809	2085281	2028771	2222371	2472398	2418346	2490287	2707259	2624075	2315195	USA
89	Ships, boats and floating structures	1291970	1636169	1211986	1889866	1846193	1467647	2765763	2036767	2555744	2222210	2315853	2294214	USA
26	Ores, slag and ash	2890155	3369872	4169343	4070965	3534396	3737689	2905352	2258546	2765029	3120917	3267923	2289163	USA
81	Other base metals; cermets; articles thereof	1557789	2278278	2739842	2883355	2427518	2704911	2388658	2174522	2663978	3181416	3052700	2235384	USA
67	Prepared feathers and down and articles made of feathers or of down; artificial flowers; articles ...	1326942	1615831	1910620	1937162	1880898	1831277	2142062	2131602	2278283	2511115	2669175	2220976	USA
79	Zinc and articles thereof	1320236	1713807	1977401	1689829	1676013	1822455	1778266	1821224	2226289	2598997	2412547	2188465	USA
24	Tobacco and manufactured tobacco substitutes	1614089	1457871	1569191	1871561	2221678	2096577	2097623	2199373	2173534	2247146	2188351	2166023	USA
11	Products of the milling industry; malt; starches; inulin; wheat gluten	1106487	1168891	1287994	1376399	1503379	1635598	1663050	1663049	1740667	2021264	2033704	2022317	USA
54	Man-made filaments; strip and the like of man-made textile materials	1672397	2059030	2357945	2413352	2451996	2416677	2421635	2161497	2154336	2370327	2142637	1788873	USA
13	Lac; gums, resins and other vegetable saps and extracts	745922	917227	1784739	4399944	2712534	2302560	1719046	1315073	1510275	1666866	1570593	1545266	USA
37	Photographic or cinematographic goods	1577626	1742664	1838090	1635426	1609458	1657702	1643883	1658834	1665639	1742316	1749569	1518476	USA
86	Railway or tramway locomotives, rolling stock and parts thereof; railway or tramway track fixtures ...	1328715	1499382	1965813	2075280	1688266	2156837	2354372	1632483	1692546	2246528	2141861	1502550	USA
55	Man-made staple fibres	1284521	1687862	1987946	1873759	1845423	1971434	2034675	1761481	1735717	1884088	1736306	1497381	USA
92	Musical instruments; parts and accessories of such articles	1115107	1253892	1297812	1300032	1276675	1327695	1304531	1269956	1335142	1433857	1527922	1265050	USA
05	Products of animal origin, not elsewhere specified or included	674380	766252	815926	925665	1015426	1119842	1074028	992465	1112497	1179458	1063893	989252	USA
52	Cotton	861944	1135111	1305703	1188653	1147148	1126269	1104443	973605	938260	961132	863197	906479	USA
60	Knitted or crocheted fabrics	695745	780298	902295	1021447	1019211	1123414	1137176	1102475	1048361	1090295	966140	884646	USA
36	Explosives; pyrotechnic products; matches; pyrophoric alloys; certain combustible preparations	559022	660771	689022	697078	708712	821648	872564	836826	845678	1011355	966525	857394	USA
78	Lead and articles thereof	465844	637312	787942	773260	1080619	1288755	1053767	1116290	1558743	1346777	1080031	777773	USA
58	Special woven fabrics; tufted textile fabrics; lace; tapestries; trimmings; embroidery	581890	682580	748913	777538	779242	801232	815106	760698	762360	793887	755220	673528	USA
80	Tin and articles thereof	543235	818377	1031608	893304	936970	924569	676925	643822	791791	853203	767463	632122	USA
46	Manufactures of straw, of esparto or of other plaiting materials; basketware and wickerwork	389757	446219	523803	550801	546344	561863	589808	557091	578473	635024	635063	596563	USA
66	Umbrellas, sun umbrellas, walking sticks, seat-sticks, whips, riding-crops and parts thereof	409928	511684	533045	556678	559161	565166	610202	602876	662699	664445	680936	575732	USA
41	Raw hides and skins (other than furskins) and leather	475159	619020	638292	704338	738096	816748	821857	805429	752012	738293	600955	461801	USA
45	Cork and articles of cork	215416	225033	246828	249384	251342	280426	293202	253544	271966	295402	282031	290386	USA
53	Other vegetable textile fibres; paper yarn and woven fabrics of paper yarn	144518	185485	225592	231169	226125	232959	265191	239222	237226	244588	228712	232320	USA
51	Wool, fine or coarse animal hair; horsehair yarn and woven fabric	209012	246891	294883	327385	312258	326549	330920	273144	274042	287045	273123	201028	USA
14	Vegetable plaiting materials; vegetable products not elsewhere specified or included	99244	78440	78482	87136	88188	99264	113745	128717	124094	115635	131911	177055	USA
43	Furskins and artificial fur; manufactures thereof	247801	312555	369556	378303	435769	504900	456065	341639	293577	234460	210519	147696	USA
50	Silk	149068	162326	185766	170753	146473	138287	120970	103005	84601	87476	72367	50978	USA
